,defaut,balance,income,student,African American,Asian,Caucasian
0,0,-1.1508359786735531,-1.4775693445816613,1.0,0.0,0.0,1.0
1,0,-0.04809815287754421,-0.7753306778215902,1.0,0.0,1.0,0.0
2,0,-1.1036767841709842,0.773329530052372,0.0,0.0,1.0,0.0
3,0,0.1255151679402595,-1.3262892854559956,1.0,0.0,1.0,0.0
4,0,0.21700561206210786,0.6958783561062899,0.0,0.0,0.0,1.0
5,0,-1.1119035329223694,0.22305503326392082,0.0,0.0,0.0,1.0
6,0,-0.5918187602957453,0.6511826178986976,0.0,0.0,1.0,0.0
7,0,0.09278491948992461,-1.011412194345951,1.0,0.0,1.0,0.0
8,0,-1.2269012688865546,-1.0767905612194724,1.0,0.0,0.0,1.0
9,0,-0.6401027056041674,-1.6637412900746409,0.0,1.0,0.0,0.0
10,0,-0.06872929623062728,1.0794270745713577,0.0,0.0,0.0,1.0
11,0,-1.2911888113754053,-0.034117791855018925,0.0,0.0,0.0,1.0
12,0,0.17555051093208165,0.354113996612114,0.0,0.0,1.0,0.0
13,0,0.8161925020775379,1.2176189542698581,0.0,0.0,0.0,1.0
14,0,0.2381509272121524,-0.7135812993855296,1.0,0.0,0.0,1.0
15,0,-0.39532479451315194,-0.1989646846776528,0.0,0.0,0.0,1.0
16,0,0.5607455261995699,-1.4956428236120418,1.0,1.0,0.0,0.0
17,0,-0.8398584487237358,0.9499574220568016,0.0,0.0,1.0,0.0
18,0,-0.6108591846519784,0.9898338636194458,0.0,0.0,1.0,0.0
19,0,-1.405367086038183,-0.6677577832327577,0.0,0.0,1.0,0.0
20,0,-1.0353080030437511,-0.48637535806934135,0.0,0.0,1.0,0.0
21,0,-1.8350540296115019,2.5154092385838513,0.0,0.0,0.0,1.0
22,0,-1.7105280475348725,-0.1544401602835207,0.0,1.0,0.0,0.0
23,0,-0.14495526513017953,0.30040124569827364,0.0,0.0,0.0,1.0
24,0,-0.10216653090178403,0.5820851892336781,0.0,0.0,0.0,1.0
25,0,-0.242358684917086,-1.8013205220841093,1.0,1.0,0.0,0.0
26,0,-0.8160458673769532,-0.0646772243339178,0.0,0.0,0.0,1.0
27,0,-1.8350540296115019,0.6040266116324785,0.0,1.0,0.0,0.0
28,0,-0.4781707252985842,0.8481462444948296,0.0,1.0,0.0,0.0
29,0,-0.3880299821437596,0.5749701386726019,0.0,0.0,0.0,1.0
30,0,-0.4889683330347771,-0.15684162011926375,0.0,0.0,0.0,1.0
31,0,0.06787972307459876,0.33314104887118795,0.0,1.0,0.0,0.0
32,0,0.1534250557940793,0.3172903717842445,0.0,0.0,0.0,1.0
33,0,0.042235404701140594,0.4578375580296424,0.0,0.0,0.0,1.0
34,0,-1.493611820691712,1.5256378155390156,0.0,0.0,1.0,0.0
35,0,-0.2031852211360767,0.7514022514033795,0.0,0.0,0.0,1.0
36,0,-0.3648922512804892,1.4699441952442351,0.0,0.0,0.0,1.0
37,0,-1.8350540296115019,0.5012320712549403,0.0,0.0,0.0,1.0
38,0,-0.9035675479410048,-1.0845338920351575,1.0,1.0,0.0,0.0
39,0,-1.3105987967107045,-0.22097533700972163,0.0,0.0,0.0,1.0
40,0,-1.6873099773283267,0.834673206191322,0.0,0.0,0.0,1.0
41,0,0.6009473335745023,1.9406273454183576,0.0,0.0,0.0,1.0
42,0,-0.14804029591194867,-0.5716242046066856,0.0,1.0,0.0,0.0
43,0,-0.26257206368513764,-0.5495748430646171,0.0,1.0,0.0,0.0
44,0,-1.8350540296115019,0.26676070898498516,0.0,0.0,0.0,1.0
45,0,-0.6506110917045694,1.296754723258807,0.0,0.0,0.0,1.0
46,0,-1.35510679288519,0.4819913606614957,0.0,0.0,1.0,0.0
47,0,-0.8125912756161177,1.2180574105138917,0.0,1.0,0.0,0.0
48,0,-0.6917769711988049,0.1744556201094482,0.0,0.0,1.0,0.0
49,0,-0.13680885572206944,1.485522419045412,0.0,0.0,1.0,0.0
50,0,-0.8636388943332082,-1.263365975785909,1.0,0.0,0.0,1.0
51,0,-0.25423283985316714,-0.30853705884454075,0.0,0.0,0.0,1.0
52,0,-1.0797999313495816,-0.2840438062173064,0.0,0.0,0.0,1.0
53,0,0.6116967377047301,-0.29474020311122895,0.0,0.0,1.0,0.0
54,0,-0.757831979239711,1.5291149447680163,0.0,0.0,1.0,0.0
55,0,0.20463335319772047,0.43810777145601026,0.0,0.0,1.0,0.0
56,0,-0.18477144365739073,-0.6534331423092593,1.0,0.0,1.0,0.0
57,0,-1.4055116968560788,-0.999451048456081,1.0,0.0,0.0,1.0
58,0,-0.49457601919538924,-0.3797962480064596,0.0,0.0,0.0,1.0
59,0,-0.8091527517239373,1.4820951651446805,0.0,0.0,1.0,0.0
60,0,-0.5576102679291463,0.07777862372761285,0.0,0.0,1.0,0.0
61,0,0.26863167405078026,0.7558143569354466,0.0,0.0,0.0,1.0
62,0,-1.2991263384909997,-0.4320000841382007,1.0,0.0,0.0,1.0
63,0,-1.8350540296115019,-0.3054366000051512,0.0,0.0,0.0,1.0
64,0,-0.3983134180829911,0.6764895083438075,0.0,0.0,1.0,0.0
65,0,0.20037536800413236,1.1066530485429857,0.0,0.0,0.0,1.0
66,0,1.0220058316800595,-1.1958094714420269,1.0,0.0,1.0,0.0
67,0,-0.2118618702098031,-1.4631308092518178,1.0,1.0,0.0,0.0
68,0,-0.42535564102943835,0.5631184207417691,0.0,0.0,0.0,1.0
69,0,0.6675647170183352,-1.1904958879616998,1.0,0.0,0.0,1.0
70,0,-0.1765446949060055,0.9987585697480027,0.0,0.0,0.0,1.0
71,0,-0.27661538088965043,-1.4264716985664465,1.0,0.0,1.0,0.0
72,0,-1.3717852405491309,-1.0993610082807659,1.0,0.0,1.0,0.0
73,0,-0.9852726600519287,0.9015277339000194,0.0,0.0,0.0,1.0
74,0,-0.022373495160810875,-1.7095767167535667,1.0,0.0,0.0,1.0
75,0,0.47683911608290425,0.1792213193867045,0.0,0.0,1.0,0.0
76,0,-0.18817783181226094,1.2320493011129705,0.0,0.0,0.0,1.0
77,0,0.4893881215024978,-1.8109620930055432,1.0,1.0,0.0,0.0
78,0,-0.1696194435156795,0.29974170031251207,0.0,0.0,0.0,1.0
79,0,-0.42603049151295047,-1.4703783644163546,1.0,0.0,1.0,0.0
80,0,-1.054364495268639,-1.4077587731631882,0.0,0.0,0.0,1.0
81,0,0.4149938896296209,-1.3664448799753672,1.0,0.0,0.0,1.0
82,0,-1.0420565078788717,1.2365164928284993,0.0,0.0,0.0,1.0
83,0,-0.28281757819049935,-1.7084236289403099,0.0,0.0,0.0,1.0
84,0,0.41804678467408035,-0.028478157721233823,0.0,0.0,0.0,1.0
85,0,-1.8350540296115019,0.28617561102342814,0.0,0.0,1.0,0.0
86,0,-0.049769211217669605,-0.42118160435120283,0.0,0.0,0.0,1.0
87,0,-0.04176741262745521,0.2939837053250741,0.0,0.0,1.0,0.0
88,0,-1.0882837659994475,-1.1361600676484434,0.0,1.0,0.0,0.0
89,0,-0.3357612054088855,-0.6707793348363787,0.0,1.0,0.0,0.0
90,0,-0.9669392219165179,-0.5104904514911951,0.0,1.0,0.0,0.0
91,0,0.21678066190093737,0.5573023619393319,0.0,0.0,0.0,1.0
92,0,0.3156783934727635,0.14497111261592244,0.0,0.0,0.0,1.0
93,0,-1.7500228686889827,-0.19492106104846593,0.0,0.0,0.0,1.0
94,0,-0.823485290564241,0.3074805646808896,0.0,0.0,0.0,1.0
95,0,-0.09016383301646243,0.2536859288997425,0.0,0.0,0.0,1.0
96,0,-0.11092351931878577,0.4785797393263403,0.0,0.0,1.0,0.0
97,0,-0.9429177582772197,-0.7694096575074235,0.0,1.0,0.0,0.0
98,0,-0.8383320012015061,1.4450407738725823,0.0,0.0,0.0,1.0
99,0,1.874840096284092,-1.0432549860179132,1.0,1.0,0.0,0.0
100,0,-0.14569438708831148,-0.7149591983799376,1.0,0.0,0.0,1.0
101,0,-0.8936858087181497,2.5291897173437015,0.0,0.0,0.0,1.0
102,0,-0.023337567280114033,-1.0274214303123157,1.0,0.0,0.0,1.0
103,0,-0.38550732676491706,1.977925902476607,0.0,0.0,1.0,0.0
104,0,0.34354007772061823,0.9240423503699671,0.0,0.0,0.0,1.0
105,0,-1.3921271622664226,-0.13882099404869022,0.0,0.0,0.0,1.0
106,0,-0.9114408035819788,-1.239088601445211,1.0,0.0,1.0,0.0
107,0,-1.4802915575766764,-0.49663478753499923,0.0,0.0,1.0,0.0
108,0,0.36838100266132395,0.20067738784474057,0.0,0.0,0.0,1.0
109,0,-0.4077291891148498,-0.7610231582794377,1.0,0.0,1.0,0.0
110,0,0.22540910736869849,-1.9276294187206233,1.0,0.0,1.0,0.0
111,0,-0.42014965158520245,1.2224925926903822,0.0,1.0,0.0,0.0
112,0,-0.6502897343314684,1.2759098136740334,0.0,0.0,0.0,1.0
113,0,-0.7631022401585671,0.8738037510535894,0.0,0.0,1.0,0.0
114,0,-0.20397254670017412,0.6644315894289387,0.0,0.0,0.0,1.0
115,0,-1.2167142401592537,-1.1374784140120828,1.0,1.0,0.0,0.0
116,0,-0.457105749491815,1.5817222499732144,0.0,0.0,0.0,1.0
117,0,-1.8350540296115019,-0.3449631698620299,0.0,0.0,1.0,0.0
118,0,0.2796220962108336,0.6096208368853026,0.0,0.0,0.0,1.0
119,0,-0.5953376235312011,1.2145438052985456,0.0,0.0,0.0,1.0
120,0,-0.491233902515139,0.10677256642518321,0.0,0.0,1.0,0.0
121,0,0.011385096883446926,0.8984972494017831,0.0,0.0,0.0,1.0
122,0,-0.7641305837524902,-1.5761296929115531,1.0,0.0,0.0,1.0
123,0,-1.1937371879825336,0.36321661622509205,0.0,1.0,0.0,0.0
124,0,-0.4037925612943627,-0.9578632131667245,0.0,0.0,0.0,1.0
125,0,0.123040716167382,-0.240073121289322,1.0,0.0,0.0,1.0
126,0,-0.9502929099898871,0.18785570644026447,0.0,0.0,1.0,0.0
127,0,-1.8350540296115019,-0.9830108003245285,1.0,0.0,0.0,1.0
128,0,-0.8053928704586557,-1.047300842870754,1.0,0.0,0.0,1.0
129,0,-0.9494413129511696,-0.606677627484959,0.0,0.0,0.0,1.0
130,0,-1.4981590275210908,0.1908147277815785,0.0,0.0,0.0,1.0
131,0,-0.26438773284315814,0.042119997239153925,0.0,0.0,1.0,0.0
132,0,-1.3683145809196402,1.086791501773778,0.0,1.0,0.0,0.0
133,0,-0.44307850015595746,1.9743639107487612,0.0,0.0,0.0,1.0
134,0,-0.85928450192769,0.2503561924318938,0.0,0.0,0.0,1.0
135,0,0.08136066487618497,-0.8580850135376151,1.0,0.0,0.0,1.0
136,0,-1.8350540296115019,1.265668249997606,0.0,1.0,0.0,0.0
137,0,-1.7614310554340677,-0.04460426572548196,0.0,0.0,1.0,0.0
138,0,-1.0893442453306805,0.8668651251611648,0.0,0.0,0.0,1.0
139,0,-1.5301983576192584,1.4993497955019928,0.0,1.0,0.0,0.0
140,0,-0.6305905273603785,0.6177922022346373,0.0,1.0,0.0,0.0
141,0,0.012654458507195734,0.45459640610006213,0.0,0.0,0.0,1.0
142,0,-0.23758652792653642,1.4564123487178435,0.0,0.0,1.0,0.0
143,0,0.8617449097146018,-1.8588304976173315,1.0,1.0,0.0,0.0
144,0,0.13314740555140772,0.8097534078462078,0.0,0.0,0.0,1.0
145,0,-1.4340000279814804,-0.926087418204377,0.0,0.0,1.0,0.0
146,0,0.35081882222135574,-0.24241800612583503,0.0,0.0,0.0,1.0
147,0,0.2870454515294664,-0.2992066504188728,0.0,0.0,0.0,1.0
148,0,-0.2513888271012235,1.2523649366917888,0.0,0.0,0.0,1.0
149,0,0.37199627310871,-0.8145617177482799,0.0,0.0,1.0,0.0
150,0,-0.8202074453586109,1.0210506082604531,0.0,1.0,0.0,0.0
151,0,-0.6473493143675946,-1.2882053780794858,1.0,0.0,0.0,1.0
152,0,-0.5897620731078991,0.44755654073533085,0.0,0.0,0.0,1.0
153,0,-0.948284426408006,0.33113561403005565,0.0,0.0,0.0,1.0
154,0,0.37103220098940715,-1.6636318621156034,1.0,1.0,0.0,0.0
155,0,-1.0030276549157577,2.4101536857398007,0.0,0.0,1.0,0.0
156,0,0.6225586169155432,1.455829477344196,0.0,0.0,0.0,1.0
157,0,0.5183906244248611,-1.2344353077585308,1.0,0.0,0.0,1.0
158,0,-1.189929103111287,-0.6040148804817186,0.0,0.0,1.0,0.0
159,0,-1.3371750514661553,1.71029340217105,0.0,0.0,1.0,0.0
160,0,-1.0294753667219683,1.2485558015462535,0.0,0.0,0.0,1.0
161,0,-1.8350540296115019,0.6221663429645894,0.0,0.0,0.0,1.0
162,0,-0.5414299241935119,-0.8151862759634654,1.0,0.0,0.0,1.0
163,0,-1.313089316352237,0.4933577246515643,0.0,1.0,0.0,0.0
164,0,0.4008220294758678,-0.22124034621664193,0.0,0.0,1.0,0.0
165,0,-1.3025487945145249,-0.9332389447517996,0.0,0.0,0.0,1.0
166,0,0.12696127611921368,-0.27946941976639444,0.0,1.0,0.0,0.0
167,0,-0.2437726573587303,-1.051605753667438,1.0,0.0,0.0,1.0
168,0,-0.3048626939852263,0.8738841471051272,0.0,0.0,1.0,0.0
169,0,-1.6995376253748191,0.6855027990106329,0.0,0.0,0.0,1.0
170,0,-0.2330393210971577,0.18361258149800283,0.0,0.0,1.0,0.0
171,0,-0.04649136601203931,-0.4477041128718766,0.0,0.0,0.0,1.0
172,0,-0.16855896418444613,0.2166039945359142,0.0,0.0,1.0,0.0
173,0,0.49003083624869953,-0.795860702871175,0.0,0.0,1.0,0.0
174,0,-0.7135489332263961,-0.24755367612174095,0.0,0.0,1.0,0.0
175,0,-0.459066029467731,-0.920581033081937,1.0,0.0,0.0,1.0
176,0,-0.23429261485225147,-0.7000293538462534,0.0,0.0,0.0,1.0
177,0,0.18568933605341784,-0.1608368572359513,0.0,0.0,1.0,0.0
178,0,-1.5107883722839592,2.884873759872149,0.0,0.0,0.0,1.0
179,0,-1.1974810013791601,-0.5257805894410292,1.0,0.0,0.0,1.0
180,0,-0.8567779144175023,-0.6402638224226714,1.0,0.0,1.0,0.0
181,0,-0.8748381987857773,-1.2355794626771721,1.0,1.0,0.0,0.0
182,0,-1.3226818339393014,1.2613387737407296,0.0,1.0,0.0,0.0
183,0,-0.9680479048537162,-1.725135585949744,0.0,0.0,1.0,0.0
184,0,-0.7373775824418337,0.8422750995089315,0.0,0.0,0.0,1.0
185,0,-1.0600525207725267,-0.1888414818548782,1.0,1.0,0.0,0.0
186,0,-0.7884412690275792,0.8578458792312624,0.0,1.0,0.0,0.0
187,0,-0.5705449021964606,1.2139892214245127,0.0,0.0,1.0,0.0
188,0,-0.05135993021451946,-1.497095163394911,1.0,1.0,0.0,0.0
189,0,-1.6408899047838905,0.22935570159923702,0.0,0.0,0.0,1.0
190,0,0.2264053152253117,-1.489127765805959,1.0,0.0,0.0,1.0
191,0,-1.5083460562483917,0.5482793939700068,0.0,0.0,1.0,0.0
192,0,-0.9094323200000977,-1.458162631029949,1.0,0.0,1.0,0.0
193,0,0.03220905466039004,1.2007529048283103,0.0,0.0,0.0,1.0
194,0,0.31289865219544,-0.17401808764869284,0.0,1.0,0.0,0.0
195,0,0.18006558202415068,0.3224349746747657,0.0,1.0,0.0,0.0
196,0,-0.7309343671111591,-0.4631803527928623,0.0,0.0,1.0,0.0
197,0,-0.865229613330058,-1.3136924152326708,1.0,0.0,1.0,0.0
198,0,-0.8719781181651787,1.9194191647858954,0.0,0.0,0.0,1.0
199,0,-0.9379206511254994,0.38410321265140396,0.0,0.0,0.0,1.0
200,0,-1.8350540296115019,-0.21121391641886597,0.0,0.0,0.0,1.0
201,0,0.48932385002787726,0.9250889878557254,0.0,0.0,0.0,1.0
202,0,-1.8046857578534592,0.18352623018338868,0.0,0.0,0.0,1.0
203,0,-1.3105345252360843,-0.8944359393587591,1.0,1.0,0.0,0.0
204,0,-0.7232699937627008,-0.6824077304018294,0.0,0.0,0.0,1.0
205,0,-0.9845174702251414,-1.1820476028792917,1.0,0.0,0.0,1.0
206,0,-1.5387143280064342,0.2684929461324661,0.0,0.0,0.0,1.0
207,0,-0.4409575414934909,0.7419594373871359,0.0,0.0,0.0,1.0
208,0,0.000587489147253996,-0.5218620263364562,1.0,1.0,0.0,0.0
209,0,-0.2844243650560042,1.106375384402027,0.0,1.0,0.0,0.0
210,0,-1.8056658978414173,0.7535692227554713,0.0,0.0,0.0,1.0
211,0,0.10546246785875837,0.1289842088860958,0.0,0.0,0.0,1.0
212,0,-1.087753526333831,0.7708893610066294,0.0,0.0,0.0,1.0
213,0,1.0471841818625214,-0.7730140804846922,1.0,1.0,0.0,0.0
214,0,0.41815925975466556,-0.8604068217297052,1.0,0.0,0.0,1.0
215,0,-1.36328533803061,0.20998471962598617,0.0,0.0,0.0,1.0
216,0,-1.3486475096858603,0.9033813095326917,0.0,0.0,1.0,0.0
217,0,-0.21952624355826142,0.55759938068529,0.0,0.0,0.0,1.0
218,0,0.20955012100616535,0.7106481529447831,0.0,0.0,1.0,0.0
219,0,0.5316626839339315,-0.688371926373303,1.0,0.0,0.0,1.0
220,0,1.331697932137473,0.35585814428574897,0.0,0.0,1.0,0.0
221,0,-0.7455400597185985,2.2828748256296434,0.0,1.0,0.0,0.0
222,0,-0.7152842630411415,2.294821827769706,0.0,0.0,0.0,1.0
223,0,-1.8350540296115019,1.946040679555222,0.0,0.0,1.0,0.0
224,0,-0.5438883080977343,0.9103467341089622,0.0,0.0,0.0,1.0
225,0,-1.2148021637893027,0.8612202801721874,0.0,0.0,1.0,0.0
226,0,0.23799024852560205,0.7212678758265912,0.0,0.0,0.0,1.0
227,0,-0.5000390945381058,-1.1065750650904953,1.0,0.0,0.0,1.0
228,0,-0.6823933359042562,-1.2510303927300812,1.0,1.0,0.0,0.0
229,0,0.49896457122090665,-0.30787155819570167,0.0,0.0,1.0,0.0
230,0,0.9966668028110475,-1.197937733584119,1.0,1.0,0.0,0.0
231,0,-0.18343781055902145,-0.8615197115171932,0.0,0.0,0.0,1.0
232,0,-0.09880834635287894,-0.9442800024962952,1.0,0.0,1.0,0.0
233,0,-0.9771583863811291,-0.8734987231962941,1.0,0.0,0.0,1.0
234,0,-0.8938786231420103,0.7818142911211263,0.0,1.0,0.0,0.0
235,0,-0.09925824667522026,0.762502117370759,0.0,1.0,0.0,0.0
236,0,-0.7753138203364043,-0.8404112815412685,0.0,0.0,1.0,0.0
237,0,-1.437856316458692,0.3165615964652139,0.0,0.0,1.0,0.0
238,0,0.44449449648029093,0.18574009923221063,0.0,0.0,0.0,1.0
239,0,-1.8350540296115019,0.4559698386471624,0.0,0.0,1.0,0.0
240,0,-0.15070756210868694,-0.9279558819947414,1.0,0.0,1.0,0.0
241,0,-1.3701141822090057,-1.2959643414607476,1.0,0.0,1.0,0.0
242,0,-0.7244429481745193,0.4334894649399065,0.0,0.0,1.0,0.0
243,0,-1.2651267284169159,0.8402398883524154,0.0,0.0,0.0,1.0
244,0,-0.5176173428467294,-0.31002513020587064,0.0,0.0,0.0,1.0
245,0,-0.7434191010561321,1.003366454553722,0.0,1.0,0.0,0.0
246,0,-1.179131495375094,-0.8703692324494049,1.0,0.0,1.0,0.0
247,0,-0.8072406753539866,1.254510320215227,0.0,0.0,0.0,1.0
248,0,-1.2241697312151962,0.5631511746886915,0.0,0.0,0.0,1.0
249,0,0.6169509307549311,-0.9104667631537773,1.0,0.0,0.0,1.0
250,0,-1.2932776343005616,0.1426366494897939,0.0,0.0,1.0,0.0
251,0,-0.4531691216713281,0.04584575870161317,0.0,0.0,0.0,1.0
252,0,0.16950899231778327,-1.2441989615730402,1.0,0.0,0.0,1.0
253,0,-0.38142608812653467,-1.1794183542308587,1.0,1.0,0.0,0.0
254,0,-0.3395853581487871,0.9957533951178428,0.0,0.0,0.0,1.0
255,0,-0.7668299856865383,-0.017123704257318403,0.0,1.0,0.0,0.0
256,0,-0.44303029654999215,0.15011720432221257,0.0,0.0,1.0,0.0
257,0,-0.15795417087211397,-0.11919021372371104,0.0,0.0,1.0,0.0
258,0,-1.8350540296115019,-0.036840091489027824,0.0,0.0,0.0,1.0
259,0,-0.27332146781536526,0.03115338028311912,0.0,0.0,0.0,1.0
260,0,-1.36984102844187,0.27670897595487715,0.0,0.0,1.0,0.0
261,0,-0.36312478572843376,0.6756982027624702,0.0,0.0,1.0,0.0
262,0,-0.10073649059148487,2.4572821489142895,0.0,0.0,0.0,1.0
263,0,-1.4974359734316136,1.8824786679201426,0.0,1.0,0.0,0.0
264,0,-0.0530791921606096,-0.25050748660786276,0.0,0.0,0.0,1.0
265,0,-0.7109459385042781,1.1843841198536804,0.0,1.0,0.0,0.0
266,0,-0.26907955049043236,-0.5812315327654273,0.0,0.0,0.0,1.0
267,0,0.8688469076601333,-0.7280875758328721,1.0,0.0,1.0,0.0
268,0,0.1852233678624211,0.5721026795010943,0.0,0.0,0.0,1.0
269,0,0.07960926719278441,1.1821203754765892,0.0,0.0,0.0,1.0
270,0,-0.960737024615669,0.05484192798709289,0.0,0.0,0.0,1.0
271,0,-1.3215249473961377,1.4896002854372912,0.0,0.0,0.0,1.0
272,0,-0.9687388232058833,-1.1389865843862974,1.0,0.0,1.0,0.0
273,0,-1.8350540296115019,-0.6183402658131015,0.0,0.0,1.0,0.0
274,0,-0.5221645496761081,1.6948603379073715,0.0,1.0,0.0,0.0
275,0,-0.594003990432832,0.2882726080343668,0.0,0.0,0.0,1.0
276,0,-1.5815673337094498,0.2293862223225062,0.0,0.0,0.0,1.0
277,0,-0.6856551132412311,-0.8795693694952667,1.0,0.0,0.0,1.0
278,0,-1.6888364248505565,1.4339349526421257,0.0,0.0,0.0,1.0
279,0,-1.1838715166283336,1.4476015369956314,0.0,0.0,0.0,1.0
280,0,-0.5333959898659874,-1.3416099441290985,1.0,1.0,0.0,0.0
281,0,-1.8350540296115019,1.4838601562390843,0.0,0.0,1.0,0.0
282,0,-0.293872271825173,0.38599475308619086,0.0,0.0,0.0,1.0
283,0,-0.08392949997830364,-1.3450520861875224,1.0,0.0,0.0,1.0
284,0,-1.0949679993599477,-1.5026484462140812,1.0,0.0,0.0,1.0
285,0,-0.32515641209655316,1.4336141128438602,0.0,0.0,1.0,0.0
286,0,-0.8963370070462328,0.41378201060281283,0.0,0.0,0.0,1.0
287,0,-0.8489046587765283,1.7736655897955544,0.0,0.0,0.0,1.0
288,0,-1.2276564587133418,-1.0089288496429012,1.0,0.0,1.0,0.0
289,0,-0.8959031745925465,-1.4223729887537988,1.0,0.0,0.0,1.0
290,0,-0.3273416422336398,-0.8347120947767149,1.0,0.0,1.0,0.0
291,0,-1.548804949521805,-0.32298899351630694,0.0,0.0,0.0,1.0
292,0,-1.1148278850175883,-0.7134361398480311,1.0,0.0,0.0,1.0
293,0,-0.09519307590549292,0.6127339506587303,0.0,1.0,0.0,0.0
294,0,-1.623633013848368,1.3386060789393142,0.0,0.0,1.0,0.0
295,0,-0.47137401685749847,0.15394420525697844,0.0,0.0,0.0,1.0
296,0,0.10544639999010334,0.3149670747763852,0.0,0.0,0.0,1.0
297,0,-0.44454067620356685,1.5389880265415627,0.0,0.0,1.0,0.0
298,0,-0.5215539706672163,-0.011195984272190622,0.0,1.0,0.0,0.0
299,0,0.3267973585820575,0.7590994289302191,0.0,1.0,0.0,0.0
300,0,0.02444827410000152,-0.13066898330435547,0.0,0.0,0.0,1.0
301,0,-0.26429132563122776,1.3361659098935716,0.0,0.0,0.0,1.0
302,0,-0.879658559382292,0.22823015687771112,0.0,0.0,0.0,1.0
303,0,0.19774023754470452,1.2104584948278203,0.0,1.0,0.0,0.0
304,0,-1.5485960672292893,0.18543935844682924,0.0,0.0,1.0,0.0
305,0,0.3397159249807168,-1.2206183530123345,1.0,0.0,1.0,0.0
306,0,-1.8350540296115019,-0.2667065465848024,0.0,0.0,0.0,1.0
307,0,-0.9583750479233767,-1.4965480235997246,1.0,0.0,1.0,0.0
308,0,0.21126938295225547,-0.7442732364678888,1.0,0.0,1.0,0.0
309,0,-0.13150645906590339,-0.7688908052118524,1.0,0.0,0.0,1.0
310,0,0.09370078800326266,-1.6605708568940984,1.0,1.0,0.0,0.0
311,0,-1.1439428630205368,0.5940716449916253,0.0,0.0,0.0,1.0
312,0,0.4187698387635576,0.4862322523801031,0.0,0.0,0.0,1.0
313,0,-1.747194923805694,-0.06292191054201392,0.0,0.0,1.0,0.0
314,0,-0.8674469792044548,-0.47313904147313907,0.0,1.0,0.0,0.0
315,0,0.02203809380174418,-1.338291373779519,1.0,0.0,0.0,1.0
316,0,-0.9852726600519287,0.4285294752047682,0.0,0.0,1.0,0.0
317,0,-0.17797473521630502,-1.5580048497371348,1.0,0.0,0.0,1.0
318,0,-0.7520314786552383,1.615948635691689,0.0,0.0,0.0,1.0
319,0,-0.44624387028100193,0.10969585618803586,0.0,1.0,0.0,0.0
320,0,-0.774253341005171,0.035229757859228335,0.0,1.0,0.0,0.0
321,0,0.36799537381360276,-1.2595426968905659,1.0,0.0,0.0,1.0
322,0,-1.457876880802883,-0.41872059188469096,0.0,0.0,0.0,1.0
323,0,0.3794517641646528,-0.9681025436194979,1.0,0.0,0.0,1.0
324,0,-1.8350540296115019,-1.6069489237421803,1.0,0.0,1.0,0.0
325,0,-0.4373101353087948,0.03090921449696801,0.0,0.0,0.0,1.0
326,0,0.7745767222609614,-1.2707438023302522,0.0,0.0,0.0,1.0
327,0,0.5948254756169287,0.18818175709372228,0.0,0.0,1.0,0.0
328,0,-0.0514242016891396,0.5293982323848271,0.0,0.0,0.0,1.0
329,0,0.3095243997778799,-0.6329604366667891,1.0,0.0,0.0,1.0
330,0,0.30643936899611035,0.8464162405710023,0.0,0.0,1.0,0.0
331,0,0.1568475118176049,1.4230569202243593,0.0,0.0,0.0,1.0
332,0,-0.1523464847115019,0.45388251893872344,0.0,0.0,0.0,1.0
333,0,-0.7852276952965694,1.4256720251229846,0.0,1.0,0.0,0.0
334,0,-0.9962791500806373,0.31392192610639646,0.0,0.0,0.0,1.0
335,0,-0.7436119154799927,0.2657475698540346,0.0,0.0,0.0,1.0
336,0,-0.15433890042472798,0.9266797875051308,0.0,0.0,0.0,1.0
337,0,-1.5258921688197054,-0.6755100469430582,1.0,1.0,0.0,0.0
338,0,-0.6259951169250344,0.5040593324006791,0.0,0.0,0.0,1.0
339,0,-0.2661391305265585,-0.09135829173401301,0.0,0.0,0.0,1.0
340,0,-0.9232185513061296,-0.8054687754378015,0.0,0.0,0.0,1.0
341,0,-0.09588399425765977,-1.3361727889399266,1.0,0.0,0.0,1.0
342,0,-1.5307928687594952,0.2666453257628708,0.0,1.0,0.0,0.0
343,0,-0.5354366091851785,-1.0669800097082325,1.0,0.0,0.0,1.0
344,0,-0.34667128822566384,0.3699073542919429,0.0,0.0,1.0,0.0
345,0,-0.5595544800364071,-1.0459527201917302,1.0,0.0,0.0,1.0
346,0,-0.8765413928632125,-1.7572493420917028,1.0,0.0,1.0,0.0
347,0,-0.268597514430781,-0.4617905432723006,0.0,0.0,0.0,1.0
348,0,-0.5500583696612732,0.9362841380323346,0.0,0.0,0.0,1.0
349,0,-0.8771198361347944,1.6724037852524225,0.0,0.0,1.0,0.0
350,0,-0.07864317119079259,-0.783991863558996,1.0,0.0,0.0,1.0
351,0,-0.7225790754105336,-1.0746109349333421,1.0,0.0,0.0,1.0
352,0,-1.3405975074896808,1.1165164530140326,0.0,1.0,0.0,0.0
353,0,-0.49176414218075565,0.525112676193143,0.0,0.0,0.0,1.0
354,0,-1.7294399289418652,-0.05900558066109484,0.0,0.0,1.0,0.0
355,0,-0.3432970358081035,0.6221469883595899,0.0,1.0,0.0,0.0
356,0,-1.8350540296115019,-0.2991217879200273,1.0,0.0,0.0,1.0
357,0,-0.8787748266062644,0.9593272841003534,0.0,0.0,1.0,0.0
358,0,-0.30389862186592353,0.8761389585876027,0.0,0.0,0.0,1.0
359,0,-1.8350540296115019,0.32438755655609036,0.0,1.0,0.0,0.0
360,0,-1.4534582169227446,0.855316381239367,0.0,0.0,0.0,1.0
361,0,-0.7992870803697373,0.32212306777111505,0.0,0.0,1.0,0.0
362,0,-0.25646627359621893,0.7281945911928619,0.0,1.0,0.0,0.0
363,0,-1.684706982606209,0.7299625599188042,0.0,0.0,0.0,1.0
364,0,-1.4087734741930535,-0.06315342139412683,0.0,0.0,1.0,0.0
365,0,0.7674747243154296,-0.8443737647110332,1.0,0.0,0.0,1.0
366,0,-1.6619870163279697,0.6755604873038179,0.0,0.0,0.0,1.0
367,0,-1.7673279632304704,-0.09766193770086769,0.0,1.0,0.0,0.0
368,0,-0.4552097409905193,-0.2958642590169859,0.0,0.0,0.0,1.0
369,0,0.6050607079501951,-1.0570101549096869,1.0,0.0,0.0,1.0
370,0,-1.4002575038058775,-1.2949660904874891,1.0,0.0,0.0,1.0
371,0,0.2888129170815216,-1.6132227933936507,1.0,0.0,0.0,1.0
372,0,-0.39863477545609194,-1.3423201092510137,1.0,1.0,0.0,0.0
373,0,-0.004281075055225788,-1.189934604416706,1.0,0.0,0.0,1.0
374,0,-0.5285274256635076,1.9492059018805727,0.0,0.0,0.0,1.0
375,0,1.096319724209661,-0.9714933215338845,1.0,0.0,0.0,1.0
376,0,-0.9906553960513701,1.3130721440893993,0.0,0.0,0.0,1.0
377,0,0.12418153484189016,0.08824648740096099,0.0,0.0,0.0,1.0
378,0,0.39868500294474646,-0.8478494051242647,1.0,0.0,0.0,1.0
379,0,-0.23683133809974927,-0.009118341866251913,0.0,0.0,0.0,1.0
380,0,-0.6469636855198734,0.560696861893141,0.0,0.0,1.0,0.0
381,0,0.5455131867145835,-0.7410037970386933,1.0,0.0,0.0,1.0
382,0,0.03836304835527403,0.6794529961324296,0.0,0.0,0.0,1.0
383,0,0.24496370352189314,-0.381418312787019,0.0,0.0,0.0,1.0
384,0,-0.3821330743473567,0.5626702871952353,0.0,0.0,1.0,0.0
385,0,-1.0952411531270836,1.7030108598359366,0.0,0.0,1.0,0.0
386,0,-1.6118552661242171,-1.4976691018739432,1.0,1.0,0.0,0.0
387,0,0.19028474648876165,-1.8294256417674581,1.0,1.0,0.0,0.0
388,0,-0.350366898016325,-0.32166320307382124,0.0,0.0,0.0,1.0
389,0,0.484230335664227,-0.7765046090556158,1.0,0.0,0.0,1.0
390,0,0.6686733999555337,-1.9175948004361165,1.0,1.0,0.0,0.0
391,0,-1.6711778371986576,-0.38822368966809884,0.0,0.0,0.0,1.0
392,0,0.5749013184846679,-0.5931509918137594,1.0,0.0,1.0,0.0
393,0,1.2020462999598833,-1.095944920498303,1.0,1.0,0.0,0.0
394,0,-0.2878628889481847,-0.7689585463293517,1.0,0.0,0.0,1.0
395,0,-1.3080118698572416,0.40016157953815285,0.0,0.0,0.0,1.0
396,0,1.1576507788659829,-0.6912021651505801,1.0,1.0,0.0,0.0
397,0,-1.3778267591634294,0.9243564904972714,0.0,0.0,0.0,1.0
398,0,0.5230181705975149,-0.4784340147563506,0.0,0.0,0.0,1.0
399,0,-1.2653356107094318,-0.16156265492344343,0.0,0.0,1.0,0.0
400,0,-1.0263582002028888,0.34426548029875914,0.0,1.0,0.0,0.0
401,0,-1.0340547092886572,-1.2027555414132978,1.0,1.0,0.0,0.0
402,0,-0.3115790630830369,-1.1179123971730645,1.0,0.0,0.0,1.0
403,0,-1.3190986992292253,0.23451147060802738,0.0,0.0,0.0,1.0
404,0,-0.21968692224481193,0.08732416603193258,0.0,0.0,0.0,1.0
405,0,-0.5392125583191151,-0.8186812709816964,1.0,1.0,0.0,0.0
406,0,0.3174458590248191,0.6350669316048342,0.0,0.0,1.0,0.0
407,0,-0.6618425318944486,0.8402019235503003,0.0,0.0,1.0,0.0
408,0,-0.8627551615571806,-0.24973776885517882,0.0,0.0,0.0,1.0
409,0,-1.230339792778735,-0.07119451536365498,0.0,0.0,1.0,0.0
410,0,-0.5557785309024706,-0.4352129485681658,0.0,0.0,1.0,0.0
411,0,-1.0612415430530002,0.2004637427818586,0.0,0.0,0.0,1.0
412,0,0.07392124168889715,0.5642521539500257,0.0,1.0,0.0,0.0
413,0,-1.6020699341132922,-0.9824502611874193,1.0,0.0,0.0,1.0
414,0,0.9617673920922815,1.1305031327579191,0.0,0.0,0.0,1.0
415,0,-1.274285413550294,1.177444749553371,0.0,0.0,1.0,0.0
416,0,-0.6589342476678848,-1.4539544932582638,1.0,1.0,0.0,0.0
417,0,0.20321938075607598,-0.8775036376154813,1.0,0.0,0.0,1.0
418,0,-0.21517185115274326,-0.9527111661973574,0.0,0.0,1.0,0.0
419,0,-0.2878950246854947,-0.6000925953377225,0.0,0.0,0.0,1.0
420,0,-1.8350540296115019,0.24228160010755823,0.0,0.0,0.0,1.0
421,0,-0.6581951257097526,-0.4981370026461368,1.0,1.0,0.0,0.0
422,0,-1.30912055279444,-0.2462837162706008,0.0,1.0,0.0,0.0
423,0,-1.3160136684474562,0.040866414361474944,0.0,0.0,0.0,1.0
424,0,-0.81495325230841,1.2324706359756585,0.0,0.0,0.0,1.0
425,0,0.5025959095369477,-0.06965731308194079,0.0,0.0,0.0,1.0
426,0,-1.2512440898989539,0.8338082042294082,0.0,0.0,1.0,0.0
427,0,1.2754121882388365,-1.1281524720337226,1.0,0.0,0.0,1.0
428,0,0.0687313201133163,0.10442991481232393,0.0,0.0,0.0,1.0
429,0,-1.2305165393339406,-0.543691043144681,0.0,0.0,1.0,0.0
430,0,-0.08579337274228907,1.0438756428182825,0.0,0.0,0.0,1.0
431,0,-0.6035965080198963,-0.8060337810222185,1.0,0.0,0.0,1.0
432,0,-1.7881679888760689,0.4277850673201609,0.0,0.0,1.0,0.0
433,0,-1.1124177047193309,1.2296575185797276,0.0,0.0,0.0,1.0
434,0,-0.39379834699092225,0.19584766948940854,0.0,0.0,0.0,1.0
435,0,0.37643100485750347,-1.1927946195093673,1.0,1.0,0.0,0.0
436,0,-1.5193846820144103,0.6120490954048917,0.0,0.0,0.0,1.0
437,0,-1.6729774384880234,-0.12918240075879486,0.0,0.0,0.0,1.0
438,0,-0.9219331218137259,-1.4767921827501314,1.0,0.0,0.0,1.0
439,0,-1.8350540296115019,0.0016130421982472692,0.0,1.0,0.0,0.0
440,0,0.2348891498751775,0.6775324237901426,0.0,0.0,0.0,1.0
441,0,0.2596015318666429,0.5125723809690483,0.0,1.0,0.0,0.0
442,0,0.3960659403539733,1.623636135916029,0.0,1.0,0.0,0.0
443,0,-1.0242693772777325,-0.09340913545610607,0.0,0.0,0.0,1.0
444,0,-0.14285037433636782,-0.5882200339861208,1.0,1.0,0.0,0.0
445,0,0.054205966849152125,-1.1126479446131214,1.0,0.0,0.0,1.0
446,0,-1.8350540296115019,1.0959268753336788,0.0,0.0,1.0,0.0
447,0,0.0021942760127588896,0.19716154940574054,0.0,0.0,0.0,1.0
448,0,-1.62593071906604,-1.3362241530839647,1.0,0.0,1.0,0.0
449,0,-0.4904144412137315,-0.38622197686638987,0.0,0.0,0.0,1.0
450,0,-0.5632340219584133,-1.1003905243851777,1.0,0.0,0.0,1.0
451,0,-0.16206754524780642,-0.7821055339794013,1.0,0.0,1.0,0.0
452,0,0.06816894471038974,0.7521481481037557,0.0,0.0,0.0,1.0
453,0,-0.13518600098790953,-0.48359648343610245,0.0,0.0,0.0,1.0
454,0,0.8807853340708347,-1.0475502195120974,1.0,1.0,0.0,0.0
455,0,-1.4510641044931423,-0.20189318529569797,0.0,0.0,0.0,1.0
456,0,0.35170255499738334,0.9896894484898318,0.0,0.0,1.0,0.0
457,0,-0.22707814182613448,-1.3723413348293418,1.0,1.0,0.0,0.0
458,0,-0.05373797477546674,-1.0691976007964779,1.0,0.0,0.0,1.0
459,0,-1.2706058716282878,-0.2068807181225669,0.0,0.0,1.0,0.0
460,0,-0.5865484993768894,1.464481730186987,0.0,0.0,0.0,1.0
461,0,-0.22081167305066543,1.7425456181795458,0.0,1.0,0.0,0.0
462,0,-0.4868955779782759,0.26358506494925016,0.0,0.0,0.0,1.0
463,0,-1.360955497075628,0.4730651657171693,0.0,0.0,1.0,0.0
464,0,0.3591098424473607,0.4009744729481439,0.0,1.0,0.0,0.0
465,0,0.39820296688509504,1.158663338624729,0.0,0.0,0.0,1.0
466,0,-0.5711715490740075,0.7361738993079678,0.0,0.0,1.0,0.0
467,0,0.09527543913145711,1.3857940947445715,0.0,0.0,0.0,1.0
468,0,-0.5221163460701431,-1.4867910694561768,1.0,0.0,0.0,1.0
469,0,-0.33458825099706685,1.805382576535018,0.0,1.0,0.0,0.0
470,0,-0.25583962671867205,-0.05249275607866567,0.0,0.0,0.0,1.0
471,0,-0.7971500538386157,0.9886859866613809,0.0,0.0,0.0,1.0
472,0,-1.3345238531380723,0.7633753078194031,0.0,0.0,0.0,1.0
473,0,-0.8457071529141735,0.4140611635595406,0.0,0.0,0.0,1.0
474,0,-0.28964642236889515,-1.469145624959445,1.0,0.0,0.0,1.0
475,0,-1.8350540296115019,2.1638574042228584,0.0,0.0,0.0,1.0
476,0,-0.5410924989517559,1.806030211394626,0.0,0.0,0.0,1.0
477,0,0.5602152865339534,0.24510141717445105,0.0,0.0,0.0,1.0
478,0,-0.8307801029336331,1.9195881453757015,0.0,1.0,0.0,0.0
479,0,-0.9541009948611338,-1.5689148916939393,1.0,0.0,0.0,1.0
480,0,-0.8530180331522209,0.415942282283943,0.0,0.0,0.0,1.0
481,0,-1.8350540296115019,1.4102404496750756,0.0,0.0,0.0,1.0
482,0,0.8275685530853124,-1.657985528310857,1.0,1.0,0.0,0.0
483,0,-0.0633626280998407,-1.6714124133255193,1.0,0.0,0.0,1.0
484,0,-0.7453151095574277,-1.5139574907970357,1.0,0.0,0.0,1.0
485,0,-1.8350540296115019,0.4140209655337717,0.0,0.0,0.0,1.0
486,0,0.5166231588728054,0.06997797350481283,0.0,1.0,0.0,0.0
487,0,-0.1264932840455283,0.4597797182005826,0.0,0.0,1.0,0.0
488,0,-0.5462663526586816,0.8879110248747827,0.0,1.0,0.0,0.0
489,0,0.28926281740386295,1.393557524573141,0.0,0.0,1.0,0.0
490,0,-0.8419794073862024,-1.2044885229686635,0.0,0.0,0.0,1.0
491,0,-1.7935989284814757,0.8163816156507513,0.0,0.0,0.0,1.0
492,0,-0.6213836386210354,0.2904991320172275,0.0,0.0,1.0,0.0
493,0,0.32668488350147223,-0.2195177863716607,0.0,0.0,0.0,1.0
494,0,-0.18364669285153726,0.83984163013415,0.0,0.0,1.0,0.0
495,0,-0.9222544791868267,0.24190269649429338,0.0,1.0,0.0,0.0
496,0,-0.19738472055160403,1.4117553197202513,0.0,0.0,0.0,1.0
497,0,-0.1595288220003088,0.9571699900507618,0.0,0.0,0.0,1.0
498,0,0.7979715390227126,0.39575170722973935,0.0,1.0,0.0,0.0
499,0,1.002354828314935,-1.1219217780395594,1.0,0.0,0.0,1.0
500,0,-1.1113411575194425,0.08050315658527549,0.0,0.0,0.0,1.0
501,0,-1.755984047960006,-0.19903093697938282,0.0,0.0,1.0,0.0
502,0,-0.5775022893240968,0.3254743920676169,0.0,0.0,0.0,1.0
503,0,-0.4579252107932225,-0.4815679719505475,0.0,0.0,0.0,1.0
504,0,-0.6286141795158073,-0.08114948200450846,0.0,0.0,0.0,1.0
505,0,-0.17220637036914221,0.10533511480000612,0.0,0.0,0.0,1.0
506,0,0.5663210766228719,0.6815485043275993,0.0,0.0,0.0,1.0
507,0,0.0945041814360151,-1.4360261737653814,1.0,0.0,0.0,1.0
508,0,-0.9261268355326936,0.310734371544508,0.0,0.0,0.0,1.0
509,0,-0.5539307260071399,0.14218032745652928,0.0,0.0,0.0,1.0
510,0,-0.5664957992953883,-0.040565108543602575,0.0,1.0,0.0,0.0
511,0,-1.0053735637393948,-0.5384355234793534,0.0,0.0,0.0,1.0
512,0,1.2816465212769956,-1.4358021069921147,1.0,0.0,0.0,1.0
513,0,0.1336294416110591,0.46257720303093697,0.0,0.0,0.0,1.0
514,0,-0.9258858175028677,-0.8994383603433201,1.0,1.0,0.0,0.0
515,0,-0.5484837185330783,0.2374369935945343,0.0,0.0,0.0,1.0
516,0,-1.6087380996051375,1.1209628013087916,0.0,0.0,0.0,1.0
517,0,-1.349547310330543,-0.32156717445670685,0.0,0.0,0.0,1.0
518,0,-0.8232603404030702,2.017746513447906,0.0,0.0,1.0,0.0
519,0,-0.6875189860052169,-0.9773309681649748,1.0,1.0,0.0,0.0
520,0,0.0829353160043798,0.09201468011284336,0.0,1.0,0.0,0.0
521,0,-1.8350540296115019,1.109226466600073,0.0,0.0,1.0,0.0
522,0,-1.4081628951841616,0.5760167761583597,0.0,0.0,0.0,1.0
523,0,-0.15236255258015693,0.8020941951214832,0.0,0.0,0.0,1.0
524,0,0.5858435370387565,0.6555902569834574,0.0,0.0,1.0,0.0
525,0,0.7956416980677303,-1.218868250075623,1.0,0.0,0.0,1.0
526,0,-0.4127102283979148,-1.074262552043346,1.0,0.0,1.0,0.0
527,0,-0.12519178668446904,-0.36719416692794243,0.0,1.0,0.0,0.0
528,0,-1.1606855821590978,0.8832346545436796,0.0,0.0,0.0,1.0
529,0,-1.6953921152618163,0.11270847489704171,0.0,0.0,0.0,1.0
530,0,-0.7908996529318016,1.605562656885648,0.0,1.0,0.0,0.0
531,0,-1.8350540296115019,-0.9716764458734978,1.0,0.0,0.0,1.0
532,0,-0.3984098252949213,1.083618835369582,0.0,0.0,0.0,1.0
533,0,-1.0645675918645952,0.7904710104112248,0.0,0.0,1.0,0.0
534,0,-1.6562347193494622,0.6824336053023973,0.0,1.0,0.0,0.0
535,0,-0.7333927510153816,-1.2828188426264673,1.0,1.0,0.0,0.0
536,0,-1.4230096058214268,0.5287193323940651,0.0,0.0,0.0,1.0
537,0,0.12050199291988402,0.9775526223391942,0.0,0.0,0.0,1.0
538,0,-0.834973816652601,-1.4927463325330352,1.0,0.0,0.0,1.0
539,0,-0.5543163548548611,-0.7121118382213146,1.0,1.0,0.0,0.0
540,0,-1.8350540296115019,-0.4285594308955459,0.0,0.0,1.0,0.0
541,0,-0.6052836342286764,-1.5743051491863806,1.0,0.0,1.0,0.0
542,0,1.0001695981778482,-1.1148484143200208,1.0,0.0,0.0,1.0
543,0,-0.6598661840498776,0.9027470740150059,0.0,0.0,1.0,0.0
544,0,-0.6277143788711247,1.6279142480288673,0.0,0.0,1.0,0.0
545,0,-0.08055524756074313,-1.594629717659814,1.0,0.0,0.0,1.0
546,0,-0.4505821948178652,0.4360412951683402,0.0,1.0,0.0,0.0
547,0,-0.7160394528679288,0.36501808330584207,0.0,0.0,0.0,1.0
548,0,-0.8837558658893295,0.4421901042951965,0.0,0.0,0.0,1.0
549,0,-1.8350540296115019,0.5981904538171576,0.0,0.0,1.0,0.0
550,0,-1.2715538758789355,-0.8850616108678993,1.0,1.0,0.0,0.0
551,0,-0.8604092527335433,-0.046702751552189864,0.0,0.0,0.0,1.0
552,0,-1.5323193162817248,0.14506118596995987,0.0,0.0,1.0,0.0
553,0,-1.8350540296115019,1.6850170324492089,0.0,0.0,0.0,1.0
554,0,-0.40615453798665496,-1.403323590986698,1.0,0.0,0.0,1.0
555,0,-0.35913995430198176,1.5041839803046326,0.0,1.0,0.0,0.0
556,0,-0.696099227867013,1.6787089200350467,0.0,1.0,0.0,0.0
557,0,0.9970684995274237,-1.4906947444030574,1.0,0.0,0.0,1.0
558,0,-1.8350540296115019,0.3499006479852368,0.0,0.0,0.0,1.0
559,0,-1.2587799202981718,1.7275435660810547,0.0,0.0,0.0,1.0
560,0,-0.3640085185044616,0.6853159526315963,0.0,0.0,1.0,0.0
561,0,-0.6726722753679517,0.20942492489676115,0.0,0.0,0.0,1.0
562,0,-0.4440586401439153,0.03098365528542874,0.0,0.0,0.0,1.0
563,0,0.0921100690064128,-1.0600890259204228,1.0,0.0,1.0,0.0
564,0,-1.259872535366715,1.7782206216414667,0.0,0.0,0.0,1.0
565,0,0.6542765896406098,0.7530153832893233,0.0,0.0,0.0,1.0
566,0,-0.2323162670076804,0.8652966577482972,0.0,0.0,1.0,0.0
567,0,-0.4299349835961273,1.262041494783799,0.0,0.0,0.0,1.0
568,0,-0.8595897914321359,-1.2469502931145486,1.0,0.0,0.0,1.0
569,0,-1.8076904492919534,-0.642619128969569,0.0,1.0,0.0,0.0
570,0,-1.5084585313289771,0.9970077224034061,0.0,0.0,0.0,1.0
571,0,-1.4396559177480575,-0.973541187624439,1.0,0.0,0.0,1.0
572,0,-0.39577469483549327,0.1791796325451661,0.0,0.0,0.0,1.0
573,0,-1.78352437483476,0.42161988121984323,0.0,1.0,0.0,0.0
574,0,1.084750858778026,-0.6345177379613874,1.0,0.0,0.0,1.0
575,0,-0.45742710686491606,-0.3252802809851282,0.0,1.0,0.0,0.0
576,0,-0.3524717888101363,0.1114965788609011,0.0,1.0,0.0,0.0
577,0,-1.0909188964588754,-0.5409278010770187,1.0,0.0,0.0,1.0
578,0,-0.3127038138888902,-0.8321766415217423,1.0,1.0,0.0,0.0
579,0,-1.1989592452954245,0.10652467859960883,0.0,0.0,0.0,1.0
580,1,0.5542380393942751,-1.136742939022091,1.0,0.0,1.0,0.0
581,1,1.709196438319193,-1.4034575844059274,1.0,0.0,0.0,1.0
582,1,1.016494552731378,-0.9502605754412302,1.0,0.0,1.0,0.0
583,1,1.2011304314465452,1.1784973423022056,0.0,0.0,0.0,1.0
584,1,1.2168608748598384,-0.9282491787012767,1.0,0.0,0.0,1.0
585,1,0.6921967596665252,-1.3544241814547284,1.0,0.0,1.0,0.0
586,1,1.3214466319355518,0.4414159200952048,0.0,0.0,0.0,1.0
587,1,0.6238922500139121,-0.23233053488152156,0.0,0.0,0.0,1.0
588,1,0.8046075687772476,1.0222297503496707,0.0,1.0,0.0,0.0
589,1,1.36510303107132,0.6706027307923333,0.0,0.0,0.0,1.0
590,1,0.6561886660105607,1.7232059013374483,0.0,0.0,1.0,0.0
591,1,0.3001889680892965,0.118005681403907,0.0,1.0,0.0,0.0
592,1,0.8974477138661202,-0.19621484195191352,0.0,0.0,0.0,1.0
593,1,-0.03754156317117716,-0.8394234522783947,1.0,0.0,1.0,0.0
594,1,-0.03689884842497542,0.30518778839629884,0.0,0.0,0.0,1.0
595,1,1.34871380504317,-0.3719754987707751,0.0,1.0,0.0,0.0
596,1,0.9239114935409859,0.39334950298611127,0.0,0.0,0.0,1.0
597,1,0.5192261535949235,1.9038342413137574,0.0,0.0,1.0,0.0
598,1,0.9986431506556185,0.9753409865140259,0.0,1.0,0.0,0.0
599,1,1.0105173055916998,-1.2766067588294192,1.0,0.0,0.0,1.0
600,1,0.626093548019654,0.80437506087992,0.0,0.0,1.0,0.0
601,1,-0.581487120750549,1.3795395796981011,0.0,0.0,0.0,1.0
602,1,0.6571045345238984,-1.0494157056709235,1.0,0.0,0.0,1.0
603,1,0.5820193842988547,-1.4262587979114487,1.0,1.0,0.0,0.0
604,1,1.172754575401729,-1.1201359435243865,1.0,0.0,0.0,1.0
605,1,1.2220347285667639,1.5088588618199668,0.0,0.0,0.0,1.0
606,1,1.1873924037464785,-1.2315767814816385,1.0,0.0,0.0,1.0
607,1,0.5844938360717321,-0.267918442620943,0.0,0.0,0.0,1.0
608,1,1.2006965989928589,-0.7795976238161592,1.0,0.0,0.0,1.0
609,1,0.16306577698710867,0.3356921346917369,0.0,0.0,0.0,1.0
610,1,0.9817718885678172,1.1791807087402753,0.0,0.0,0.0,1.0
611,1,1.3206914421087645,1.2974060801578384,0.0,0.0,0.0,1.0
612,1,1.4318489574643931,0.8838696344692495,0.0,1.0,0.0,0.0
613,1,0.5570981200148738,1.24155762302306,0.0,0.0,0.0,1.0
614,1,0.45391026751214947,-0.5751765190320315,1.0,0.0,0.0,1.0
615,1,0.5688115962644044,0.5277694679333066,0.0,0.0,0.0,1.0
616,1,1.4172593327256084,1.368522343005913,0.0,1.0,0.0,0.0
617,1,2.1803384830225374,1.3681814041947626,0.0,0.0,0.0,1.0
618,1,0.41809498828004543,-1.5647834279343686,1.0,0.0,0.0,1.0
619,1,0.3813959762719138,0.4285659511911138,0.0,0.0,0.0,1.0
620,1,2.186219322950285,-1.3531333781828194,1.0,1.0,0.0,0.0
621,1,0.5869040163699895,-0.686787081986974,1.0,0.0,1.0,0.0
622,1,0.21907836711860948,0.26432277316289626,0.0,1.0,0.0,0.0
623,1,1.576748996995624,-0.691433676002693,1.0,0.0,1.0,0.0
624,1,1.7335713950689016,0.56577000162674,0.0,0.0,0.0,1.0
625,1,1.2296991019152226,0.6864928614971608,0.0,0.0,0.0,1.0
626,1,0.9903521304296135,1.2403792253417265,0.0,0.0,1.0,0.0
627,1,0.6964226091228032,0.19433726589154027,0.0,0.0,0.0,1.0
628,1,1.1626318181490483,1.2267878261845662,0.0,0.0,1.0,0.0
629,1,1.0421710068421464,0.8547737078914883,0.0,1.0,0.0,0.0
630,1,0.6837611286226244,0.42137422661792256,0.0,0.0,0.0,1.0
631,1,1.4987234268067067,0.43652292706968127,0.0,0.0,0.0,1.0
632,1,1.9133869131875547,-1.5896533509512143,1.0,1.0,0.0,0.0
633,1,0.6270736880076119,0.6720163613652025,0.0,0.0,0.0,1.0
634,1,1.3338028229312846,0.09214346267688012,0.0,0.0,0.0,1.0
635,1,1.8122718157413313,-1.1243329151778025,1.0,0.0,1.0,0.0
636,1,1.1552727343050355,1.6784081792496652,0.0,0.0,1.0,0.0
637,1,0.505311379339651,1.3685000107693746,0.0,0.0,0.0,1.0
638,1,1.2070594749802583,-0.09700388113087483,0.0,0.0,0.0,1.0
639,1,1.394089466125028,-0.5531197134111171,1.0,1.0,0.0,0.0
640,1,1.1518020746755453,0.17868609011767167,0.0,0.0,0.0,1.0
641,1,0.5399697720285915,-0.11981179430735803,0.0,1.0,0.0,0.0
642,1,1.013554132767504,0.6666380143989147,0.0,0.0,1.0,0.0
643,1,1.0416729029138394,-1.4008275913496095,1.0,0.0,1.0,0.0
644,1,0.045207960402324866,1.0099581863719194,0.0,0.0,0.0,1.0
645,1,0.6632103246128169,-0.49833203751190386,0.0,0.0,0.0,1.0
646,1,1.2035566796134576,0.09854909252392621,0.0,0.0,1.0,0.0
647,1,1.1152637413539639,-1.0555719588766257,1.0,0.0,1.0,0.0
648,1,0.9747020263595958,-1.4448518736452858,1.0,0.0,0.0,1.0
649,1,1.0695024514243845,0.683673044430268,0.0,1.0,0.0,0.0
650,1,1.3874855721078028,0.2613749179398514,0.0,0.0,0.0,1.0
651,1,1.0953235163530481,1.5187058893175522,0.0,1.0,0.0,0.0
652,1,1.2076539861204953,-0.8634000858337114,1.0,0.0,0.0,1.0
653,1,-0.011270597920172295,1.1804372692494927,0.0,0.0,1.0,0.0
654,1,1.2595853376136135,-1.1435207728114405,1.0,0.0,0.0,1.0
655,1,1.289632251998555,-1.4961691199864595,1.0,0.0,0.0,1.0
656,1,1.7992568421307418,-0.9747769047128872,1.0,0.0,0.0,1.0
657,1,0.5638144891126844,-1.642964866015251,1.0,0.0,0.0,1.0
658,1,0.29027509312913125,-0.7365857362435491,0.0,0.0,1.0,0.0
659,1,0.9365890419098197,-0.8154349081969242,1.0,0.0,1.0,0.0
660,1,0.9076668783307316,-0.8475851403252291,0.0,1.0,0.0,0.0
661,1,0.9568024206778711,-0.904515222116342,1.0,0.0,0.0,1.0
662,1,0.6690590288032549,0.6344959707573405,0.0,1.0,0.0,0.0
663,1,1.0765723136326057,-1.128713011170832,1.0,1.0,0.0,0.0
664,1,1.3092993232323349,-1.3064686811204413,1.0,0.0,0.0,1.0
665,1,1.4166487537167167,-0.07668898995994133,0.0,0.0,0.0,1.0
666,1,0.8136859145673504,1.6692169750984187,0.0,1.0,0.0,0.0
667,1,0.37342631341900945,0.1995667312809066,0.0,1.0,0.0,0.0
668,1,1.5953234531608607,-0.95239330403063,1.0,0.0,0.0,1.0
669,1,1.5929614764685687,-0.363788500855864,0.0,0.0,0.0,1.0
670,1,1.5561660572485065,-1.02577405566368,1.0,0.0,0.0,1.0
671,1,1.3515738856637685,-0.5536087893913041,1.0,0.0,1.0,0.0
672,1,-0.12080525854164065,0.8779233042870065,0.0,0.0,1.0,0.0
673,1,1.0396322835946483,1.1319688718827106,0.0,0.0,1.0,0.0
674,1,0.9091933258529613,-1.6773825645600697,1.0,0.0,0.0,1.0
675,1,1.0636537472339465,-0.13447960726566044,0.0,0.0,0.0,1.0
676,1,0.6443787825490995,-1.1032259740176469,1.0,1.0,0.0,0.0
677,1,0.8417725489763759,-0.2273936217908059,0.0,0.0,0.0,1.0
678,1,1.436139078395291,-1.3912232408224061,1.0,0.0,0.0,1.0
679,1,1.5160445892168497,0.1885137630102576,0.0,0.0,0.0,1.0
680,1,2.000844322276986,-0.3593942611130272,1.0,1.0,0.0,0.0
681,1,0.5765563089561383,-1.2895080918775486,1.0,0.0,1.0,0.0
682,1,0.03772033360907193,1.2816276106357019,0.0,1.0,0.0,0.0
683,1,1.2084734474219028,-0.35755036278285485,1.0,0.0,1.0,0.0
684,1,0.2364959367406824,-1.4516163080927122,1.0,0.0,0.0,1.0
685,1,1.6503880390417134,-1.1113683074594818,1.0,0.0,0.0,1.0
686,1,1.217117960758319,0.9641130823904939,0.0,0.0,1.0,0.0
687,1,2.0458504223797784,-1.1683728300390555,1.0,0.0,0.0,1.0
688,1,0.9789921472904937,0.3913172694611331,0.0,0.0,1.0,0.0
689,1,1.7456222965601884,-0.42330614445387216,0.0,1.0,0.0,0.0
690,1,0.7018214129908995,2.0914361943530673,0.0,0.0,0.0,1.0
691,1,1.3239853551830494,-1.1455731053493028,1.0,0.0,0.0,1.0
692,1,1.2151416129137478,2.0758847692357363,0.0,1.0,0.0,0.0
693,1,0.03974488505960808,-0.20524972044739231,0.0,0.0,0.0,1.0
694,1,1.5785485982849894,-1.5240829268434644,1.0,0.0,0.0,1.0
695,1,0.2581554236876884,0.7857402983045452,0.0,0.0,1.0,0.0
696,1,1.3914221999282899,-1.081135670041925,1.0,0.0,1.0,0.0
697,1,1.2545239589872728,1.7179258162119286,0.0,0.0,0.0,1.0
698,1,1.5085730302922518,0.10193465958311992,0.0,0.0,0.0,1.0
699,1,0.9473866496460126,1.7198865865799842,0.0,1.0,0.0,0.0
700,1,1.2237379226441993,0.5991492511725317,0.0,0.0,0.0,1.0
701,1,0.5567446269044627,-0.8090203454552629,0.0,1.0,0.0,0.0
702,1,0.7128761066255733,1.4255432425589478,0.0,1.0,0.0,0.0
703,1,0.5350530042201466,-0.9613701187111096,1.0,1.0,0.0,0.0
704,1,0.30581272211856364,1.5180351778135208,0.0,0.0,0.0,1.0
705,1,1.6664880434340723,-1.3266875436742604,1.0,0.0,0.0,1.0
706,1,0.3508027543527007,-0.307651213461858,0.0,0.0,1.0,0.0
707,1,1.3855734957378523,-1.0618220074757887,1.0,1.0,0.0,0.0
708,1,0.582774574125642,-0.516736778050935,0.0,0.0,0.0,1.0
709,1,0.8523130708140879,2.4819771360782523,0.0,1.0,0.0,0.0
710,1,0.15353753087466454,-1.359446701452174,1.0,0.0,0.0,1.0
711,1,1.3921131182804571,0.1503866799764406,0.0,1.0,0.0,0.0
712,1,1.895712257667001,-0.877919017215092,1.0,0.0,0.0,1.0
713,1,0.3216717084810968,0.19107527054119108,0.0,0.0,1.0,0.0
714,1,1.9153793289007806,-1.0264596553254033,1.0,0.0,0.0,1.0
715,1,0.7886521752027842,0.8338670124522922,0.0,0.0,0.0,1.0
716,1,1.6152154745558114,1.8719296637873726,0.0,0.0,1.0,0.0
717,1,1.0634930685473962,-0.2995505668615613,1.0,0.0,1.0,0.0
718,1,0.8538877219422828,1.2048612919434583,0.0,0.0,0.0,1.0
719,1,1.7256178000846527,-0.9091551164610993,1.0,1.0,0.0,0.0
720,1,0.2856154112191669,0.25488442559396013,0.0,0.0,1.0,0.0
721,1,1.0892016583954744,-1.0221726103179498,1.0,0.0,0.0,1.0
722,1,1.4547135345605278,-1.447599483147371,1.0,0.0,0.0,1.0
723,1,0.8076283280843969,2.1104037072528614,0.0,0.0,0.0,1.0
724,1,1.0947611409501214,-1.3742284088168213,0.0,0.0,0.0,1.0
725,1,-0.7126009289757481,-0.10200704652332046,0.0,0.0,0.0,1.0
726,1,1.671918983039479,-0.9189076041573397,1.0,1.0,0.0,0.0
727,1,0.8515418131186455,1.2805705514395598,0.0,0.0,0.0,1.0
728,1,0.4092897962570786,0.5394194513274109,0.0,0.0,0.0,1.0
729,1,1.8470908871168226,-0.9147002107935392,1.0,0.0,0.0,1.0
730,1,0.8413869201286547,-0.9007753169040749,1.0,1.0,0.0,0.0
731,1,1.4660092462250267,0.3157732685154145,0.0,0.0,0.0,1.0
732,1,0.3350723109394075,-0.8622871960462234,0.0,1.0,0.0,0.0
733,1,0.31360563841626227,-0.027080159713941388,1.0,1.0,0.0,0.0
734,1,1.2602119844911601,-1.1994191052744878,1.0,0.0,0.0,1.0
735,1,0.91039841600209,0.37806085385204663,0.0,0.0,0.0,1.0
736,1,1.0694863835557296,-1.11352336828542,1.0,0.0,0.0,1.0
737,1,1.1448928911538738,0.3931611677913057,0.0,1.0,0.0,0.0
738,1,0.47279001318183195,-1.0655477689382482,0.0,1.0,0.0,0.0
739,1,0.655288865365878,1.1010878551976613,0.0,0.0,0.0,1.0
740,1,0.6772215060800196,1.383116459583639,0.0,0.0,0.0,1.0
741,1,0.4677447024241468,-1.1193766474820872,1.0,0.0,0.0,1.0
742,1,0.8667259489976669,-1.7098685246443326,1.0,0.0,1.0,0.0
743,1,0.5566000160865674,0.24806564937095732,0.0,0.0,0.0,1.0
744,1,0.68387360370321,-1.038609136410079,1.0,1.0,0.0,0.0
745,1,1.2226131718383457,-1.5379862329042748,1.0,1.0,0.0,0.0
746,1,0.8350240441412553,-0.8377098253280286,0.0,1.0,0.0,0.0
747,1,1.4993340058155986,0.5774862373225743,0.0,0.0,0.0,1.0
748,1,1.5552662566038238,-1.1426885247964496,1.0,1.0,0.0,0.0
749,1,0.5937810641543504,1.5172602492056448,0.0,0.0,0.0,1.0
750,1,1.6631619946224776,-1.1512328384959722,1.0,0.0,0.0,1.0
751,1,1.2632809474042745,0.17622358883539055,0.0,1.0,0.0,0.0
752,1,-0.18203990598603234,0.5376112845756996,0.0,1.0,0.0,0.0
753,1,1.4394811950755413,0.73631161476662,0.0,1.0,0.0,0.0
754,1,1.1824917038066884,-1.1651212563990907,1.0,1.0,0.0,0.0
755,1,-0.18591226233189928,1.7164035020879065,0.0,0.0,0.0,1.0
756,1,0.714113332512012,1.1762462528591533,0.0,0.0,0.0,1.0
757,1,1.305137745250677,0.14461603005496446,0.0,1.0,0.0,0.0
758,1,0.5317912268831717,-1.1177932919115274,1.0,0.0,0.0,1.0
759,1,0.9508251735381928,-0.5057746275422079,0.0,0.0,0.0,1.0
760,1,0.4340343139858541,0.3095381080739441,0.0,0.0,0.0,1.0
761,1,1.5610988929256069,-0.8950843186262519,1.0,1.0,0.0,0.0
762,1,0.9144314510345073,-1.0827956996245995,0.0,0.0,1.0,0.0
763,1,1.2757817492179027,-1.4699823394217435,1.0,1.0,0.0,0.0
764,1,1.1292749228211667,0.17745558388441587,0.0,0.0,1.0,0.0
765,1,1.3302196882212085,-0.27610692935162334,0.0,0.0,0.0,1.0
766,1,0.8117738381973995,-1.2632878129580254,1.0,0.0,0.0,1.0
767,1,0.9903360625609584,-1.4033995205909278,1.0,0.0,1.0,0.0
768,1,1.7760709076615064,-1.1313593812006109,1.0,0.0,0.0,1.0
769,1,-0.06368398547294175,-1.1711807365797942,1.0,0.0,1.0,0.0
770,1,1.0600545446552156,-0.6679252750067943,0.0,1.0,0.0,0.0
771,1,0.9638240792801277,0.1446085859761185,0.0,0.0,0.0,1.0
772,1,1.0951467697978428,0.8289226552827307,0.0,0.0,0.0,1.0
773,1,1.499558955976769,0.7959706958627034,0.0,1.0,0.0,0.0
774,1,-0.29014452629720155,-0.40251706546044386,0.0,0.0,0.0,1.0
775,1,0.18750500521143817,-0.5057106084641316,0.0,0.0,1.0,0.0
776,1,0.05799798385174388,0.8421016524718179,0.0,1.0,0.0,0.0
777,1,1.6124839368844535,-0.7152748273230112,1.0,0.0,0.0,1.0
778,1,1.5806374212101462,-1.011328820662875,1.0,0.0,1.0,0.0
779,1,-0.04375982834068129,0.4951926900871214,0.0,0.0,0.0,1.0
780,1,1.5175710367390791,-1.133815927219815,1.0,0.0,0.0,1.0
781,1,2.0426368486487685,0.4031518660106203,0.0,1.0,0.0,0.0
782,1,1.6793423383581114,0.6759438573643908,0.0,0.0,0.0,1.0
783,1,0.7173751098489869,0.363996011280276,0.0,0.0,0.0,1.0
784,1,1.6715172863231027,-0.825322878128163,1.0,0.0,0.0,1.0
785,1,0.7866115558835927,0.4304262264947473,0.0,0.0,0.0,1.0
786,1,0.42800886324021076,1.1082803241787373,0.0,1.0,0.0,0.0
787,1,1.0622558426609574,0.22836936115213233,0.0,0.0,0.0,1.0
788,1,1.305121677382022,-1.1901117734932425,1.0,1.0,0.0,0.0
789,1,0.4545047786523865,-0.40614009863482753,0.0,1.0,0.0,0.0
790,1,1.2503623810056153,1.795374012526473,0.0,0.0,0.0,1.0
791,1,1.4856923853274617,-1.6863958552268952,1.0,0.0,0.0,1.0
792,1,1.9309330257588684,1.3377351217143238,0.0,0.0,0.0,1.0
793,1,1.3549320702126737,-0.8096501145256406,1.0,0.0,0.0,1.0
794,1,0.6913772983651176,0.3551077811380647,0.0,1.0,0.0,0.0
795,1,1.066096063269514,0.5207102479635753,0.0,0.0,0.0,1.0
796,1,0.8170762348535655,-0.11989219035889574,0.0,0.0,0.0,1.0
797,1,1.5788378199207809,0.8482653497563666,0.0,0.0,0.0,1.0
798,1,0.9038427255908298,-1.208726437055733,1.0,1.0,0.0,0.0
799,1,1.088092975458276,1.2279922781418608,0.0,1.0,0.0,0.0
800,1,1.053579193587231,1.037994076122,0.0,1.0,0.0,0.0
801,1,0.7441763147656086,-0.5192752089374458,0.0,0.0,1.0,0.0
802,1,1.206625642526572,-1.2112633791264744,1.0,0.0,0.0,1.0
803,1,1.6491829488925847,-0.6309490465625801,1.0,0.0,0.0,1.0
804,1,1.119618133759482,-0.07410515019246944,0.0,0.0,1.0,0.0
805,1,0.4692872178150316,1.0560690439681497,0.0,0.0,0.0,1.0
806,1,1.2103373201858882,-1.2454183016880271,1.0,0.0,1.0,0.0
807,1,1.0661924704814443,-1.0389552860764215,1.0,1.0,0.0,0.0
808,1,0.6754701083966195,0.7401274495831173,0.0,0.0,0.0,1.0
809,1,1.1339506725997857,-0.21751458475418242,0.0,0.0,0.0,1.0
810,1,0.5890249750324562,0.29675662469523634,0.0,1.0,0.0,0.0
811,1,0.6886618285624146,-1.2569834225832859,1.0,0.0,0.0,1.0
812,1,1.2405127775200702,1.6711114931647442,0.0,0.0,0.0,1.0
813,1,1.3096206806054356,-1.0659088067622826,1.0,1.0,0.0,0.0
814,1,0.5059701619545082,1.1857940283871269,0.0,1.0,0.0,0.0
815,1,0.002595972729135113,0.3443771414814502,0.0,0.0,0.0,1.0
816,1,1.839940685565326,-1.0743809128969986,1.0,0.0,0.0,1.0
817,1,0.14683722964550938,-1.5288910573701429,1.0,1.0,0.0,0.0
818,1,0.933745029157876,0.7457722945720946,0.0,0.0,0.0,1.0
819,1,0.6608483479205247,-1.119060274131129,1.0,1.0,0.0,0.0
820,1,1.2081038864428366,-1.5428382834961452,1.0,0.0,1.0,0.0
821,1,1.0682812934066008,-1.6093064635127317,1.0,0.0,1.0,0.0
822,1,0.5373828451751288,0.7339548194039536,0.0,0.0,0.0,1.0
823,1,0.28837908462783535,-0.6989745278737649,1.0,0.0,0.0,1.0
824,1,1.0695506550303497,-0.8393460338583955,1.0,0.0,1.0,0.0
825,1,1.1112307063215467,0.7752970000913891,0.0,1.0,0.0,0.0
826,1,0.37858409925728026,0.6186356163678969,0.0,0.0,0.0,1.0
827,1,1.360636163585216,-1.1435565043899016,1.0,1.0,0.0,0.0
828,1,0.9309170842745874,0.6606522305987871,0.0,0.0,0.0,1.0
829,1,0.98925951536107,1.4044467231091766,0.0,1.0,0.0,0.0
830,1,0.402557359290613,0.33464177516655597,0.0,0.0,0.0,1.0
831,1,2.1200679076974493,-1.5815891803372635,1.0,0.0,1.0,0.0
832,1,0.7704794157539236,0.25704544168297505,0.0,0.0,0.0,1.0
833,1,1.5667065790862185,-1.561869071066131,1.0,0.0,0.0,1.0
834,1,1.1784104651683063,-1.1392694593824482,1.0,0.0,0.0,1.0
835,1,-0.06909885720969343,0.7046608803288866,0.0,1.0,0.0,0.0
836,1,1.072282192701708,0.024459664584730353,0.0,1.0,0.0,0.0
837,1,0.7526440815468194,0.1834890097891583,0.0,0.0,1.0,0.0
838,1,1.443739180269129,1.3254985449071492,0.0,1.0,0.0,0.0
839,1,1.4410076425977711,1.8968747720005632,0.0,1.0,0.0,0.0
840,1,1.418400151400117,2.3084534249526354,0.0,1.0,0.0,0.0
841,1,0.7326235172026284,0.44951284465607877,0.0,0.0,0.0,1.0
842,1,2.307997699486901,-0.5522152578313191,1.0,0.0,0.0,1.0
843,1,1.512252572214258,-0.9693107176162158,1.0,0.0,0.0,1.0
844,1,0.9317847491819601,-1.335845993878584,1.0,1.0,0.0,0.0
845,1,0.4179985810681152,-1.2774501729626793,1.0,1.0,0.0,0.0
846,1,1.4404452671948442,-1.559008311565585,1.0,0.0,0.0,1.0
847,1,1.2827070006082286,0.5983624120385018,0.0,0.0,0.0,1.0
848,1,0.5654373438468443,-0.6698778568881193,1.0,1.0,0.0,0.0
849,1,0.6760967552741661,1.2043163853719259,0.0,1.0,0.0,0.0
850,1,1.0638947652637725,-0.7465481469632486,0.0,0.0,1.0,0.0
851,1,1.7589425596752246,0.2969479375215804,0.0,0.0,1.0,0.0
852,1,1.177382121574383,-1.352366638061674,1.0,0.0,0.0,1.0
853,1,1.4342270020253403,-1.190372316252855,1.0,0.0,0.0,1.0
854,1,0.825431526554191,-0.5571923689478036,0.0,1.0,0.0,0.0
855,1,-0.2070254417446334,-1.0029832638685428,1.0,0.0,0.0,1.0
856,1,1.6280376337425404,0.12375176586519097,0.0,0.0,0.0,1.0
857,1,0.9656718841754581,-0.8052037662308812,0.0,0.0,0.0,1.0
858,1,1.4181430655016365,-1.7464584053964354,1.0,1.0,0.0,0.0
859,1,1.082533492903629,-0.11108435626822186,0.0,0.0,1.0,0.0
860,1,1.480663142438432,0.31621916883829465,0.0,1.0,0.0,0.0
861,1,0.961992342253452,-1.1139015274908002,1.0,0.0,1.0,0.0
862,1,1.3695216949514584,0.8686874356626831,0.0,0.0,0.0,1.0
863,1,0.35297191662113214,1.2801976030893714,0.0,0.0,0.0,1.0
864,1,0.24160551897298804,1.329940426754601,0.0,0.0,1.0,0.0
865,1,2.4298724832354477,-0.8333230296640377,1.0,0.0,0.0,1.0
866,1,0.7719576596701883,0.4543648952479492,0.0,0.0,1.0,0.0
867,1,0.216314693709941,-1.0304385154686293,1.0,1.0,0.0,0.0
868,1,1.4795383916325782,-0.1701456778329656,0.0,0.0,0.0,1.0
869,1,0.2917372691767408,-1.0648041054615254,0.0,0.0,0.0,1.0
870,1,1.2605815454702263,1.9428762016377563,0.0,1.0,0.0,0.0
871,1,1.4573004614139908,1.447432556405826,0.0,0.0,0.0,1.0
872,1,1.7120886546771015,-0.9933431817628781,1.0,0.0,0.0,1.0
873,1,0.27877049917211605,0.17358615170022684,0.0,1.0,0.0,0.0
874,1,0.3489067458514048,-0.5639888129342682,1.0,1.0,0.0,0.0
875,1,1.3897511415881647,1.2586968701582584,0.0,0.0,0.0,1.0
876,1,1.9441890173992837,-0.6742311541973027,1.0,0.0,0.0,1.0
877,1,0.2351462357736584,0.8284127358817742,0.0,1.0,0.0,0.0
878,1,0.9735772755537423,-1.0539863700824121,0.0,0.0,0.0,1.0
879,1,1.0402589304721954,-1.1506350789646325,1.0,1.0,0.0,0.0
880,1,1.1486045688131905,0.023879770842621197,0.0,0.0,1.0,0.0
881,1,-0.02635832658726304,0.1215833056973301,0.0,0.0,1.0,0.0
882,1,0.14788164110808735,0.7920528771660154,0.0,0.0,0.0,1.0
883,1,1.0581906718912302,1.1600948349868285,0.0,0.0,0.0,1.0
884,1,0.6522520381900736,0.3274962038822106,0.0,1.0,0.0,0.0
885,1,1.5313412001764561,0.857763249956071,0.0,1.0,0.0,0.0
886,1,0.6362163052723347,-0.8760110998068438,1.0,0.0,0.0,1.0
887,1,1.0815372850470162,-0.7054322662727334,0.0,1.0,0.0,0.0
888,1,1.497068436335237,1.4300610540106298,0.0,1.0,0.0,0.0
889,1,-0.28975889744948036,-0.4112415258680416,0.0,0.0,0.0,1.0
890,1,1.098890583194469,0.46771808388203484,0.0,1.0,0.0,0.0
891,1,0.8305571766551517,0.3781062627330077,0.0,0.0,0.0,1.0
892,1,0.5850722793433141,1.0374484251425826,0.0,1.0,0.0,0.0
893,1,0.9274303567764417,-1.293246508274046,1.0,1.0,0.0,0.0
894,1,1.453460240805434,-1.132557133486944,1.0,0.0,0.0,1.0
895,1,0.9390313579453871,-1.4493793623994673,1.0,0.0,1.0,0.0
896,1,0.8420296348748565,-0.6007417190131003,0.0,0.0,1.0,0.0
897,1,-0.29388833969382805,1.9585668310295095,0.0,0.0,0.0,1.0
898,1,-0.7867862785561092,0.9699790165211996,0.0,1.0,0.0,0.0
899,1,0.5786451318812945,-1.0809793443861577,1.0,1.0,0.0,0.0
900,1,1.5854738496753162,0.667858098921786,0.0,0.0,0.0,1.0
901,1,0.6242136073870131,-1.497815750227211,1.0,0.0,1.0,0.0
902,1,0.8946037011141766,-0.42803015688959006,0.0,0.0,0.0,1.0
903,1,1.1653151522144412,-0.6256265301876379,1.0,0.0,0.0,1.0
904,1,1.3393944412232415,0.3794253535045314,0.0,0.0,0.0,1.0
905,1,1.3364540212593674,-0.4306266515911004,0.0,1.0,0.0,0.0
906,1,0.3109865758254891,0.33278819953388367,0.0,1.0,0.0,0.0
907,1,1.8419331012785518,1.4083258325958654,0.0,1.0,0.0,0.0
908,1,1.6177702656719644,0.8326268289165362,0.0,1.0,0.0,0.0
909,1,0.7806343087439148,-1.1596260373949194,1.0,0.0,0.0,1.0
910,1,0.9772246817384383,1.3737384090533564,0.0,0.0,0.0,1.0
911,1,0.60020821161637,1.1585725208628068,0.0,1.0,0.0,0.0
912,1,1.7038297701884064,1.0542623660322081,0.0,1.0,0.0,0.0
