Date,GOOG,APPL,AMZN,TSLA,NFLX,FB,SBUX
2015-04-29,550.469971,130.16000400000001,426.75,230.05000299999998,80.07,80.010002,50.419998
2015-04-30,547.869995,128.639999,427.10998499999994,230.38999900000002,80.237144,80.010002,50.630001
2015-05-01,538.429993,126.099998,423.82000700000003,229.940002,79.855713,79.239998,49.950001
2015-05-04,538.530029,129.5,424.799988,228.17999300000002,79.571426,79.33000200000001,50.299999
2015-05-05,538.210022,128.149994,422.85000599999995,237.75999500000003,81.238571,78.550003,49.939999
2015-05-06,531.23999,126.559998,421.42999299999997,234.100006,81.028572,77.970001,49.68
2015-05-07,523.98999,124.769997,424.14999400000005,221.0,80.114288,78.0,48.740002000000004
2015-05-08,536.650024,126.68,430.75,235.99000499999997,81.041428,79.099998,49.990002000000004
2015-05-11,538.369995,127.389999,432.51000999999997,236.289993,82.324287,78.480003,49.709998999999996
2015-05-12,531.599976,125.599998,431.079987,240.11000099999998,83.808571,77.870003,49.150002
2015-05-13,530.5599980000001,126.150002,429.98001100000005,247.61000099999998,83.404289,77.720001,49.849998
2015-05-14,533.77002,127.410004,429.450012,244.82000699999998,83.285713,78.940002,49.98
2015-05-15,539.179993,129.070007,428.0,243.92999300000002,86.364288,81.410004,50.790001000000004
2015-05-18,532.01001,128.380005,426.0,247.0,87.544289,80.33000200000001,50.650002
2015-05-19,533.97998,130.690002,424.869995,248.42999300000002,88.888573,81.25,51.48
2015-05-20,538.48999,130.0,420.60000599999995,247.13000499999998,88.214287,80.470001,51.310001
2015-05-21,537.950012,130.070007,428.0,243.02999900000003,89.081429,80.190002,50.939999
2015-05-22,540.150024,131.600006,431.549988,245.38000499999998,89.178574,80.349998,51.330002
2015-05-26,538.119995,132.600006,426.200012,247.67999300000002,88.87428299999999,80.43,51.380001
2015-05-27,532.799988,130.33999599999999,427.450012,248.50999500000003,88.14286,79.599998,51.040001000000004
2015-05-28,538.01001,131.860001,429.709991,247.02999900000003,89.714287,80.25,51.84
2015-05-29,537.369995,131.229996,427.23001100000005,251.0,89.47285500000001,79.949997,51.950001
2015-06-01,536.789978,130.279999,430.39999400000005,251.41000400000001,88.83714300000001,79.300003,51.959998999999996
2015-06-02,532.929993,129.860001,430.07000700000003,248.919998,88.711426,79.760002,51.98
2015-06-03,539.909973,130.66000400000001,434.39999400000005,248.19999700000002,89.242859,81.349998,52.0
2015-06-04,537.76001,129.580002,434.39999400000005,247.5,88.378571,82.139999,51.869999
2015-06-05,536.349976,129.5,429.660004,246.0,89.214287,81.870003,51.57
2015-06-08,533.3099980000001,128.899994,425.619995,250.850006,90.714287,81.82,52.0
2015-06-09,527.5599980000001,126.699997,422.959991,255.399994,89.334282,80.599998,51.349998
2015-06-10,529.3599849999999,127.91999799999999,426.459991,251.899994,93.395714,80.83000200000001,51.799999
2015-06-11,538.424988,129.179993,432.290009,253.25999500000003,96.889999,82.309998,52.810001
2015-06-12,531.599976,128.190002,431.25,250.210007,94.915718,81.370003,52.41
2015-06-15,528.0,126.099998,427.660004,249.69999700000002,92.85714,80.550003,52.23
2015-06-16,528.400024,127.029999,424.14999400000005,250.13000499999998,94.242859,80.82,52.27
2015-06-17,529.369995,127.720001,428.35998499999994,252.169998,95.132858,81.760002,53.09
2015-06-18,531.0,127.230003,430.299988,262.0,94.65142800000001,81.639999,53.5
2015-06-19,537.210022,127.709999,440.26000999999997,262.399994,96.242859,82.83000200000001,54.080002
2015-06-22,539.590027,127.489998,437.0,262.149994,95.042854,83.410004,54.330002
2015-06-23,539.6400150000001,127.480003,435.589996,260.320007,96.335716,84.959999,54.040001000000004
2015-06-24,540.0,127.209999,444.97000099999997,266.980011,100.014282,87.660004,53.75
2015-06-25,538.869995,128.860001,438.07000700000003,266.450012,95.48143,89.260002,54.09
2015-06-26,537.26001,127.66999799999999,441.76000999999997,268.890015,95.300003,88.120003,54.459998999999996
2015-06-29,525.01001,125.459999,434.98001100000005,261.950012,91.505714,86.610001,53.869999
2015-06-30,526.02002,125.57,434.200012,264.799988,93.35714,86.599998,54.150002
2015-07-01,524.72998,126.900002,439.35000599999995,271.109985,94.805717,86.769997,53.860001000000004
2015-07-02,521.080017,126.43,437.0,280.200012,93.998573,87.400002,54.029999
2015-07-06,519.5,124.940002,435.23001100000005,278.880005,93.47285500000001,86.489998,53.639998999999996
2015-07-07,523.130005,125.889999,435.67999299999997,275.0,95.012856,87.800003,54.290001000000004
2015-07-08,521.049988,124.480003,434.35000599999995,259.320007,93.471428,86.290001,53.860001000000004
2015-07-09,523.119995,123.849998,434.89999400000005,259.079987,94.900002,86.730003,54.07
2015-07-10,526.289978,121.940002,440.48999000000003,262.22000099999997,97.522858,87.349998,54.540001000000004
2015-07-13,532.880005,125.029999,448.290009,262.25,98.09857199999999,88.660004,55.0
2015-07-14,546.76001,126.040001,462.32000700000003,262.100006,101.271431,90.459999,55.959998999999996
2015-07-15,560.130005,125.720001,463.040009,266.73999,99.970001,90.0,55.919998
2015-07-16,565.119995,127.739998,465.5,264.22000099999997,111.019997,90.279999,56.060001
2015-07-17,649.0,129.080002,477.700012,272.5,117.339996,92.550003,55.900002
2015-07-20,659.23999,130.970001,492.57000700000003,275.0,114.699997,95.849998,55.73
2015-07-21,655.210022,132.850006,487.89999400000005,270.049988,110.209999,98.949997,56.380001
2015-07-22,660.8900150000001,121.989998,485.98999000000003,261.269989,112.139999,96.739998,56.43
2015-07-23,661.27002,126.199997,491.660004,269.649994,110.910004,96.959999,56.98
2015-07-24,647.0,125.32,578.98999,267.380005,111.550003,97.349998,59.119999
2015-07-27,621.0,123.089996,527.75,262.429993,107.790001,96.58000200000001,57.209998999999996
2015-07-28,632.830017,123.379997,536.0,255.75,107.290001,94.839996,57.389998999999996
2015-07-29,628.799988,123.150002,530.919983,264.269989,106.83000200000001,96.32,57.380001
2015-07-30,630.0,122.32,527.650024,262.690002,106.400002,94.910004,57.299999
2015-07-31,631.380005,122.599998,539.090027,267.600006,111.949997,94.949997,58.439999
2015-08-03,625.340027,121.5,537.450012,266.290009,114.599998,93.529999,58.619999
2015-08-04,628.419983,117.41999799999999,529.6900019999999,260.01001,113.150002,93.790001,58.25
2015-08-05,634.330017,112.949997,538.799988,263.579987,125.620003,95.25,59.150002
2015-08-06,645.0,115.970001,539.299988,249.539993,126.290001,97.18,59.130001
2015-08-07,640.22998,114.58000200000001,529.159973,243.580002,126.41999799999999,95.379997,57.330002
2015-08-10,639.47998,116.529999,528.52002,238.149994,126.089996,95.68,57.290001000000004
2015-08-11,669.200012,117.809998,523.650024,237.149994,120.010002,93.730003,55.790001000000004
2015-08-12,663.080017,112.529999,523.75,235.0,121.470001,92.699997,55.689999
2015-08-13,659.322021,116.040001,527.369995,239.86000099999998,120.989998,94.050003,56.52
2015-08-14,655.01001,114.32,528.25,247.24000499999997,124.959999,93.540001,56.950001
2015-08-17,656.799988,116.040001,531.289978,255.559998,123.139999,94.41999799999999,57.0
2015-08-18,661.900024,116.43,535.039978,255.38000499999998,125.260002,94.08000200000001,57.959998999999996
2015-08-19,656.599976,116.099998,533.73999,260.329987,123.5,94.629997,57.580002
2015-08-20,655.460022,114.08000200000001,530.3900150000001,252.059998,119.800003,93.540001,57.0
2015-08-21,639.780029,110.43,507.35998499999994,236.0,106.199997,87.519997,54.720001
2015-08-24,573.0,94.870003,463.579987,202.78999299999998,88.75,77.029999,48.049999
2015-08-25,614.909973,111.110001,487.48999000000003,230.520004,107.75,86.949997,52.959998999999996
2015-08-26,610.349976,107.089996,484.01998899999995,227.92999300000002,107.150002,85.949997,52.990002000000004
2015-08-27,639.400024,112.230003,513.710022,231.0,114.940002,89.099998,54.759997999999996
2015-08-28,632.820007,112.16999799999999,517.5,241.86000099999998,116.349998,89.879997,55.700001
2015-08-31,627.539978,112.029999,516.4400019999999,245.61999500000002,115.239998,90.599998,55.189999
2015-09-01,602.3599849999999,110.150002,499.14001500000006,240.33999599999999,109.349998,86.849998,53.0
2015-09-02,605.590027,110.230003,505.089996,245.30000299999998,109.309998,88.809998,54.5
2015-09-03,617.0,112.489998,514.5,252.059998,102.690002,89.760002,55.720001
2015-09-04,600.0,108.970001,497.64999400000005,240.88999900000002,98.050003,87.199997,53.869999
2015-09-08,612.48999,111.75,508.69000199999994,245.05000299999998,102.08000200000001,89.690002,55.310001
2015-09-09,621.219971,113.760002,524.0,252.05000299999998,96.510002,90.779999,55.900002
2015-09-10,613.099976,110.269997,515.150024,247.229996,99.41999799999999,90.07,54.34
2015-09-11,619.75,111.790001,521.070007,247.63999900000002,98.57,91.68,55.189999
2015-09-14,625.700012,116.58000200000001,529.4400019999999,251.100006,96.839996,92.309998,56.540001000000004
2015-09-15,626.700012,115.93,523.25,252.75,95.220001,92.370003,56.43
2015-09-16,635.469971,116.25,521.97998,253.039993,99.699997,92.900002,56.830002
2015-09-17,637.789978,115.660004,526.97998,263.959991,103.66999799999999,93.370003,57.32
2015-09-18,636.789978,112.209999,534.619995,257.959991,102.0,93.199997,56.490002000000004
2015-09-21,634.400024,113.66999799999999,544.330017,263.980011,103.300003,94.620003,57.200001
2015-09-22,627.0,113.379997,539.710022,259.02999900000003,98.290001,93.769997,56.849998
2015-09-23,622.049988,113.629997,538.299988,261.950012,98.599998,93.400002,57.16
2015-09-24,616.6400150000001,113.25,530.549988,259.52999900000003,97.110001,93.059998,57.380001
2015-09-25,629.77002,116.440002,542.570007,266.609985,105.300003,95.790001,58.919998
2015-09-28,610.340027,113.849998,520.02002,257.350006,101.57,92.08000200000001,58.009997999999996
2015-09-29,597.280029,112.83000200000001,506.0,250.460007,99.629997,89.099998,55.849998
2015-09-30,603.280029,110.16999799999999,505.44000199999994,252.0,99.910004,88.440002,56.400002
2015-10-01,608.369995,109.07,511.0,247.50999500000003,102.910004,90.050003,56.990002000000004
2015-10-02,607.200012,108.010002,512.98999,235.600006,103.010002,88.900002,56.990002000000004
2015-10-05,632.0,109.879997,536.98999,248.83999599999999,107.480003,92.940002,58.490002000000004
2015-10-06,638.840027,110.629997,545.5,240.0,110.33000200000001,94.08000200000001,58.82
2015-10-07,649.23999,111.739998,541.789978,236.63000499999998,108.839996,93.110001,58.619999
2015-10-08,641.3599849999999,110.190002,536.710022,230.080002,107.940002,91.889999,58.779999
2015-10-09,640.0,110.0,534.47998,220.92999300000002,114.110001,92.900002,59.470001
2015-10-12,642.090027,112.730003,539.960022,222.99000499999997,114.449997,93.32,60.349998
2015-10-13,643.150024,110.82,546.26001,213.27999900000003,112.849998,93.660004,60.34
2015-10-14,653.210022,111.290001,551.340027,220.669998,111.5,94.08000200000001,60.0
2015-10-15,654.659973,110.93,547.75,216.42999300000002,103.769997,94.989998,58.950001
2015-10-16,664.1099849999999,111.779999,565.27002,223.039993,100.209999,96.18,59.959998999999996
2015-10-19,661.179993,110.800003,570.76001,226.5,98.07,97.18,60.130001
2015-10-20,664.039978,111.339996,572.0,227.72000099999997,101.059998,98.730003,61.220001
2015-10-21,654.150024,114.0,563.869995,211.99000499999997,99.66999799999999,97.370003,61.07
2015-10-22,646.700012,114.33000200000001,562.700012,211.559998,98.07,97.790001,60.959998999999996
2015-10-23,727.5,116.699997,617.679993,215.0,97.610001,101.910004,62.110001000000004
2015-10-26,701.549988,118.08000200000001,602.299988,211.38000499999998,100.050003,102.199997,62.98
2015-10-27,707.380005,115.400002,608.599976,214.83999599999999,102.58000200000001,102.940002,63.369999
2015-10-28,707.330017,116.93,612.299988,211.309998,102.900002,103.900002,63.110001000000004
2015-10-29,710.5,118.699997,617.700012,211.75,105.0,103.959999,63.419998
2015-10-30,715.72998,120.989998,626.01001,210.399994,105.120003,104.510002,63.689999
2015-11-02,711.0599980000001,120.800003,627.130005,208.919998,109.199997,101.720001,63.009997999999996
2015-11-03,718.8599849999999,120.790001,629.530029,213.850006,107.360001,103.220001,62.0
2015-11-04,722.0,123.129997,627.76001,227.0,110.360001,103.190002,63.040001000000004
2015-11-05,729.469971,121.849998,647.099976,230.580002,113.75,108.800003,62.169998
2015-11-06,731.5,121.110001,655.0,230.69999700000002,113.389999,108.040001,62.049999
2015-11-09,730.200012,120.959999,658.650024,232.99000499999997,113.360001,107.0,61.75
2015-11-10,724.400024,116.900002,651.01001,223.479996,108.860001,105.959999,61.540001000000004
2015-11-11,732.460022,116.370003,663.25,217.770004,113.08000200000001,108.269997,62.549999
2015-11-12,731.0,116.260002,673.0,217.850006,112.519997,108.480003,61.34
2015-11-13,729.169983,115.199997,663.570007,212.94999700000002,108.339996,107.709999,60.889998999999996
2015-11-16,715.599976,111.379997,640.919983,206.08999599999999,102.970001,103.32,59.5
2015-11-17,729.289978,114.91999799999999,650.650024,215.19999700000002,112.110001,104.620003,60.950001
2015-11-18,727.580017,115.760002,646.51001,214.5,117.940002,105.800003,60.66
2015-11-19,738.73999,117.639999,664.98999,220.539993,120.25,107.360001,61.799999
2015-11-20,746.530029,119.199997,667.9400019999999,223.49000499999997,120.849998,106.839996,61.959998999999996
2015-11-23,757.450012,119.269997,671.5,217.350006,124.300003,107.190002,62.139998999999996
2015-11-24,752.0,117.33000200000001,674.1400150000001,215.36999500000002,123.66999799999999,106.0,62.060001
2015-11-25,748.1400150000001,119.209999,675.0,221.33999599999999,124.230003,106.33000200000001,62.049999
2015-11-27,748.460022,118.290001,680.799988,231.059998,123.849998,105.779999,62.189999
2015-11-30,748.8099980000001,117.989998,675.900024,231.789993,126.029999,105.839996,62.099998
2015-12-01,747.1099849999999,118.75,673.75,231.059998,124.470001,104.83000200000001,61.080002
2015-12-02,768.900024,117.339996,681.0,237.0,125.529999,107.0,61.630001
2015-12-03,766.01001,116.550003,679.4400019999999,235.479996,129.619995,106.269997,61.369999
2015-12-04,753.099976,115.290001,666.0,232.460007,127.0,104.809998,59.860001000000004
2015-12-07,767.77002,118.980003,674.73999,227.69999700000002,131.190002,106.480003,61.75
2015-12-08,757.8900150000001,117.519997,663.130005,227.520004,121.510002,104.0,61.689999
2015-12-09,759.169983,117.639999,678.0,226.69999700000002,127.699997,106.18,61.709998999999996
2015-12-10,752.849976,116.040001,665.590027,224.710007,124.5,105.050003,61.130001
2015-12-11,741.159973,115.190002,651.22998,225.24000499999997,121.449997,104.150002,60.860001000000004
2015-12-14,741.789978,112.18,641.75,217.50999500000003,119.769997,102.290001,60.040001000000004
2015-12-15,753.0,111.940002,665.030029,221.82000699999998,121.93,105.300003,60.549999
2015-12-16,750.0,111.07,663.5599980000001,222.100006,119.800003,105.370003,60.32
2015-12-17,762.419983,112.019997,680.0,233.940002,123.970001,107.489998,60.66
2015-12-18,746.51001,108.910004,668.650024,232.88999900000002,120.849998,106.08000200000001,59.200001
2015-12-21,746.130005,107.279999,668.5,231.690002,119.510002,104.910004,58.889998999999996
2015-12-22,751.650024,107.400002,666.830017,234.99000499999997,117.300003,105.220001,59.939999
2015-12-23,753.469971,107.269997,666.5,232.17999300000002,116.910004,105.889999,60.259997999999996
2015-12-24,749.549988,109.0,663.349976,230.559998,118.220001,104.739998,60.369999
2015-12-28,752.919983,107.589996,665.5599980000001,231.49000499999997,117.260002,105.019997,60.02
2015-12-29,766.6900019999999,106.959999,677.97998,230.059998,118.190002,106.41999799999999,60.459998999999996
2015-12-30,776.599976,108.58000200000001,691.8900150000001,236.600006,118.949997,107.0,61.220001
2015-12-31,769.5,107.010002,686.080017,238.50999500000003,116.209999,106.0,60.650002
2016-01-04,743.0,102.610001,656.289978,230.72000099999997,109.0,101.949997,58.77
2016-01-05,746.450012,105.75,646.8599849999999,226.36000099999998,110.449997,102.889999,58.790001000000004
2016-01-06,730.0,100.559998,622.0,220.0,105.290001,101.129997,57.700001
2016-01-07,730.3099980000001,98.68,621.799988,214.190002,116.360001,100.5,56.880001
2016-01-08,731.450012,98.550003,619.659973,217.86000099999998,116.33000200000001,99.879997,57.41
2016-01-11,716.6099849999999,98.970001,612.47998,214.00999500000003,112.129997,97.910004,57.0
2016-01-12,721.679993,100.550003,625.25,211.600006,116.110001,99.0,58.389998999999996
2016-01-13,730.849976,100.32,620.880005,212.00999500000003,114.43,100.58000200000001,59.799999
2016-01-14,705.380005,97.959999,580.25,202.21000700000002,105.650002,95.849998,57.509997999999996
2016-01-15,692.289978,96.199997,572.23999,198.970001,102.43,93.980003,57.07
2016-01-19,703.299988,98.410004,577.090027,208.71000700000002,106.57,96.529999,58.669998
2016-01-20,688.6099849999999,95.099998,564.3599849999999,199.399994,108.910004,92.83000200000001,57.57
2016-01-21,702.179993,97.059998,573.580017,201.550003,108.32,94.910004,57.84
2016-01-22,723.599976,98.629997,588.72998,204.800003,104.720001,96.410004,57.549999
2016-01-25,723.580017,101.519997,597.98999,200.059998,99.779999,98.720001,59.360001000000004
2016-01-26,713.849976,99.93,603.450012,196.699997,99.739998,97.760002,57.919998
2016-01-27,713.669983,96.040001,601.98999,192.380005,96.610001,97.790001,58.869999
2016-01-28,722.219971,93.790001,608.369995,190.78999299999998,93.839996,107.199997,58.290001000000004
2016-01-29,731.530029,94.790001,571.97998,189.949997,92.0,108.989998,59.779999
2016-02-01,750.460022,96.470001,578.150024,188.759995,91.790001,112.269997,60.66
2016-02-02,784.5,95.41999799999999,570.0,192.419998,95.540001,114.800003,60.66
2016-02-03,770.219971,95.0,553.5,183.58999599999999,92.410004,115.269997,60.880001
2016-02-04,722.8099980000001,95.860001,525.0,170.699997,89.5,111.800003,59.41
2016-02-05,703.869995,96.519997,529.280029,171.300003,88.230003,109.510002,58.099998
2016-02-08,667.849976,93.129997,486.47000099999997,157.100006,80.57,100.410004,53.09
2016-02-09,672.320007,94.290001,478.01000999999997,142.320007,81.75,97.139999,53.189999
2016-02-10,686.8599849999999,95.91999799999999,491.76000999999997,150.5,89.0,101.550003,55.279999
2016-02-11,675.0,93.790001,491.170013,152.0,87.41999799999999,99.599998,53.889998999999996
2016-02-12,690.26001,94.190002,510.700012,155.0,86.639999,103.739998,55.560001
2016-02-16,692.97998,95.019997,519.47998,158.699997,89.0,103.800003,56.790001000000004
2016-02-17,698.090027,96.66999799999999,528.73999,159.0,90.129997,102.019997,56.700001
2016-02-18,710.0,98.839996,541.1900019999999,172.419998,94.800003,105.800003,57.57
2016-02-19,695.030029,96.0,520.710022,163.66000400000001,89.980003,102.550003,56.919998
2016-02-22,707.450012,96.309998,542.200012,170.119995,90.75,105.489998,58.630001
2016-02-23,701.450012,96.400002,555.549988,176.16000400000001,91.400002,106.849998,58.450001
2016-02-24,688.919983,93.980003,545.75,172.75,88.5,104.209999,57.209998999999996
2016-02-25,700.01001,96.050003,555.52002,178.649994,91.08000200000001,107.110001,58.459998999999996
2016-02-26,708.580017,97.199997,560.119995,188.699997,95.300003,108.699997,59.0
2016-02-29,700.320007,96.860001,554.0,192.399994,94.809998,107.599998,58.25
2016-03-01,703.619995,97.650002,556.289978,194.25,94.58000200000001,107.83000200000001,58.77
2016-03-02,719.0,100.510002,581.75,183.729996,98.010002,109.68,59.830002
2016-03-03,718.679993,100.58000200000001,577.960022,188.279999,97.83000200000001,110.25,59.119999
2016-03-04,714.98999,102.370003,581.070007,198.0,98.760002,110.050003,59.139998999999996
2016-03-07,706.900024,102.389999,573.539978,197.679993,101.0,108.07,58.439999
2016-03-08,688.590027,100.779999,557.869995,203.5,95.0,104.779999,57.580002
2016-03-09,698.469971,101.309998,559.5599980000001,204.520004,96.82,106.699997,57.779999
2016-03-10,708.119995,101.410004,566.73999,210.0,98.18,107.910004,57.509997999999996
2016-03-11,720.0,102.239998,566.950012,207.929993,99.510002,108.480003,58.099998
2016-03-14,726.8099980000001,101.910004,567.0,212.649994,97.199997,109.279999,57.580002
2016-03-15,726.919983,103.959999,571.0,214.270004,97.870003,109.110001,58.32
2016-03-16,726.369995,104.610001,576.6400150000001,218.0,97.529999,110.489998,58.650002
2016-03-17,736.450012,105.519997,569.51001,221.47000099999997,99.050003,112.150002,59.470001
2016-03-18,741.8599849999999,106.339996,560.9400019999999,229.100006,100.5,111.559998,59.91
2016-03-21,736.5,105.93,548.909973,235.33999599999999,101.150002,111.660004,59.560001
2016-03-22,737.460022,105.25,545.1099849999999,237.210007,100.480003,111.360001,59.0
2016-03-23,742.3599849999999,106.480003,561.0,232.36999500000002,99.75,112.010002,59.139998999999996
2016-03-24,732.01001,105.470001,567.1099849999999,215.77999900000003,98.639999,112.129997,58.700001
2016-03-28,736.789978,106.0,584.400024,231.61000099999998,98.339996,113.32,58.560001
2016-03-29,734.590027,104.889999,580.150024,229.88999900000002,101.08000200000001,113.83000200000001,58.82
2016-03-30,750.099976,108.650002,596.710022,235.08999599999999,104.650002,116.730003,60.0
2016-03-31,749.25,109.720001,599.280029,229.33999599999999,102.43,114.699997,59.77
2016-04-01,738.599976,108.779999,590.48999,244.830002,102.93,113.75,59.610001000000004
2016-04-04,750.0599980000001,110.41999799999999,599.0,249.11999500000002,105.900002,114.07,61.099998
2016-04-05,738.0,109.510002,590.77002,240.5,103.470001,112.110001,59.880001
2016-04-06,735.77002,110.230003,587.52002,253.97000099999997,105.300003,112.470001,60.02
2016-04-07,745.369995,109.949997,598.76001,266.450012,104.309998,113.790001,60.59
2016-04-08,743.969971,108.910004,594.320007,260.5,105.120003,114.25,61.5
2016-04-11,743.02002,108.970001,596.1400150000001,251.0,104.040001,110.699997,61.220001
2016-04-12,738.0,109.339996,598.400024,249.5,103.150002,109.339996,58.950001
2016-04-13,749.159973,110.800003,607.679993,248.50999500000003,108.0,112.230003,60.32
2016-04-14,754.01001,111.620003,615.070007,253.0,110.010002,110.620003,60.259997999999996
2016-04-15,753.97998,112.110001,621.919983,251.309998,110.639999,110.790001,60.240002000000004
2016-04-18,760.460022,108.889999,625.349976,252.229996,109.900002,109.739998,60.689999
2016-04-19,769.51001,107.879997,637.1400150000001,253.11999500000002,99.489998,111.099998,61.16
2016-04-20,758.0,106.639999,630.0,246.25999500000003,94.339996,112.43,61.040001000000004
2016-04-21,755.380005,106.93,631.0,248.99000499999997,97.309998,112.550003,60.900002
2016-04-22,726.299988,105.010002,624.469971,248.88999900000002,94.849998,111.209999,59.009997999999996
2016-04-25,716.099976,105.0,616.6099849999999,253.00999500000003,95.699997,109.870003,57.619999
2016-04-26,725.419983,103.910004,626.169983,252.05000299999998,93.5,110.489998,58.049999
2016-04-27,707.289978,96.0,611.799988,252.75,92.18,107.940002,57.509997999999996
2016-04-28,708.26001,97.610001,615.539978,249.850006,91.5,119.58000200000001,56.59
2016-04-29,690.700012,93.989998,666.0,248.13999900000002,90.5,116.82,56.02
2016-05-02,697.630005,93.970001,663.919983,241.5,90.410004,117.83000200000001,56.290001000000004
2016-05-03,696.869995,94.199997,677.3599849999999,237.36000099999998,92.08000200000001,117.519997,56.700001
2016-05-04,690.48999,95.199997,662.590027,230.289993,91.0,116.610001,55.98
2016-05-05,697.700012,94.0,673.3099980000001,228.460007,90.910004,118.040001,56.369999
2016-05-06,698.380005,93.370003,656.049988,210.86999500000002,88.83000200000001,117.160004,55.959998999999996
2016-05-09,712.0,93.0,673.950012,215.72000099999997,90.730003,119.540001,56.32
2016-05-10,716.75,93.33000200000001,694.0,207.550003,91.139999,119.620003,56.849998
2016-05-11,723.409973,93.480003,705.789978,207.58999599999999,92.400002,120.410004,57.130001
2016-05-12,717.0599980000001,92.720001,717.380005,211.440002,90.32,119.980003,56.57
2016-05-13,711.929993,90.0,714.6400150000001,207.779999,87.389999,120.379997,56.43
2016-05-16,709.130005,92.389999,710.130005,208.149994,87.559998,119.379997,55.700001
2016-05-17,715.98999,94.550003,709.900024,209.050003,89.0,118.82,55.380001
2016-05-18,703.669983,94.160004,689.5599980000001,209.149994,88.25,116.800003,54.759997999999996
2016-05-19,702.3599849999999,94.639999,691.880005,213.61999500000002,90.160004,117.050003,54.43
2016-05-20,701.619995,94.639999,701.049988,216.99000499999997,90.08000200000001,116.959999,54.880001
2016-05-23,706.530029,95.870003,704.25,219.86999500000002,92.980003,117.41999799999999,54.619999
2016-05-24,706.8599849999999,97.220001,698.01001,216.600006,95.980003,116.239998,54.740002000000004
2016-05-25,720.76001,98.66999799999999,708.0,217.91000400000001,99.0,118.129997,55.200001
2016-05-26,722.869995,99.68,708.330017,220.5,103.209999,118.239998,55.549999
2016-05-27,724.01001,99.440002,715.0,224.99000499999997,102.440002,119.559998,55.360001000000004
2016-05-31,731.73999,99.599998,712.330017,223.039993,102.949997,119.459999,55.5
2016-06-01,734.530029,99.019997,720.900024,221.479996,101.5,118.5,54.759997999999996
2016-06-02,732.5,97.599998,720.969971,219.58999599999999,101.389999,118.690002,54.900002
2016-06-03,729.27002,97.790001,726.73999,220.0,100.989998,118.980003,54.709998999999996
2016-06-06,724.909973,97.989998,726.5,218.0,100.290001,118.620003,54.720001
2016-06-07,719.840027,99.25,729.8900150000001,222.24000499999997,101.199997,119.239998,55.650002
2016-06-08,723.960022,99.019997,726.400024,233.80000299999998,100.019997,117.760002,55.5
2016-06-09,722.869995,98.5,723.099976,234.979996,97.220001,118.129997,55.150002
2016-06-10,719.469971,98.529999,722.349976,227.38999900000002,94.879997,117.540001,54.919998
2016-06-13,716.51001,98.690002,714.01001,219.5,95.019997,115.0,54.790001000000004
2016-06-14,716.47998,97.32,712.330017,218.88000499999998,94.160004,114.07,55.049999
2016-06-15,719.0,97.82,722.0,216.94999700000002,94.610001,115.300003,55.639998999999996
2016-06-16,714.909973,96.449997,712.049988,217.419998,94.18,113.870003,54.900002
2016-06-17,708.650024,96.620003,718.1900019999999,217.809998,95.75,114.41999799999999,55.610001000000004
2016-06-20,698.77002,96.0,713.5,219.5,95.220001,113.769997,55.77
2016-06-21,698.400024,94.940002,715.719971,220.67999300000002,93.870003,114.120003,55.52
2016-06-22,699.0599980000001,96.25,716.580017,199.470001,90.779999,114.650002,55.880001
2016-06-23,697.450012,95.940002,715.5,195.690002,90.620003,114.370003,55.98
2016-06-24,675.169983,92.910004,693.0,190.050003,87.529999,111.010002,54.049999
2016-06-27,671.0,93.0,692.01001,190.860001,87.879997,111.57,54.200001
2016-06-28,678.969971,92.900002,700.0,201.889999,87.410004,110.629997,54.099998
2016-06-29,683.0,93.970001,715.75,205.130005,89.66999799999999,113.370003,55.419998
2016-06-30,685.469971,94.440002,717.200012,212.97000099999997,90.910004,114.66999799999999,56.810001
2016-07-01,692.200012,95.489998,717.320007,206.139999,95.0,114.199997,57.040001000000004
2016-07-05,696.0599980000001,95.389999,722.799988,209.729996,95.199997,113.940002,56.810001
2016-07-06,689.97998,94.599998,725.710022,210.0,95.029999,113.360001,56.52
2016-07-07,698.080017,95.699997,739.330017,213.100006,94.699997,116.629997,56.66
2016-07-08,699.5,96.489998,740.1400150000001,217.80000299999998,96.0,116.43,56.919998
2016-07-11,708.049988,96.75,750.0,219.960007,96.190002,117.709999,56.799999
2016-07-12,719.119995,97.16999799999999,756.8599849999999,224.100006,95.07,118.629997,56.650002
2016-07-13,723.619995,97.410004,746.76001,225.5,96.260002,118.389999,56.799999
2016-07-14,721.580017,97.389999,748.8599849999999,223.11999500000002,97.0,117.5,57.0
2016-07-15,725.72998,98.91999799999999,746.549988,222.520004,98.519997,117.739998,57.689999
2016-07-18,722.710022,98.699997,735.48999,219.63999900000002,98.43,117.32,57.59
2016-07-19,729.8900150000001,99.559998,732.5,225.0,85.43,118.989998,56.849998
2016-07-20,737.330017,100.0,744.0,226.47000099999997,86.66999799999999,121.25,57.0
2016-07-21,740.3599849999999,99.83000200000001,747.5,226.0,88.300003,121.91999799999999,57.619999
2016-07-22,741.8599849999999,99.260002,747.789978,221.99000499999997,86.480003,119.900002,57.599998
2016-07-25,740.669983,98.25,746.549988,222.270004,85.730003,121.389999,57.720001
2016-07-26,739.039978,96.82,742.710022,227.690002,91.029999,122.0,58.580002
2016-07-27,738.280029,104.269997,737.969971,229.33999599999999,91.5,122.41999799999999,58.380001
2016-07-28,747.039978,102.83000200000001,745.97998,227.94999700000002,91.91999799999999,127.519997,57.880001
2016-07-29,772.710022,104.190002,765.0,230.69999700000002,91.190002,124.650002,58.18
2016-08-01,761.090027,104.410004,759.869995,235.5,91.230003,123.849998,58.0
2016-08-02,768.6900019999999,106.050003,763.8099980000001,229.36999500000002,94.0,124.059998,57.25
2016-08-03,767.179993,104.809998,757.0599980000001,227.36999500000002,93.279999,123.089996,56.459998999999996
2016-08-04,772.219971,105.58000200000001,753.700012,225.690002,93.199997,122.940002,56.049999
2016-08-05,773.780029,106.269997,764.8099980000001,230.0,93.769997,124.980003,55.799999
2016-08-08,782.0,107.519997,766.8099980000001,228.0,95.910004,125.25,55.970001
2016-08-09,781.099976,108.230003,767.3900150000001,226.82000699999998,95.120003,125.339996,55.389998999999996
2016-08-10,783.75,108.709999,769.799988,228.24000499999997,94.400002,125.07,55.369999
2016-08-11,785.0,108.519997,769.9400019999999,226.169998,94.599998,125.199997,55.75
2016-08-12,781.5,107.779999,768.460022,225.41000400000001,95.529999,124.699997,55.27
2016-08-15,783.75,108.139999,771.900024,226.020004,96.83000200000001,124.910004,55.650002
2016-08-16,780.299988,109.629997,768.619995,225.49000499999997,95.190002,123.5,55.25
2016-08-17,777.320007,109.099998,764.409973,224.330002,94.940002,123.660004,55.77
2016-08-18,780.01001,109.230003,764.0,223.82000699999998,95.980003,124.010002,55.779999
2016-08-19,775.0,108.769997,761.900024,223.539993,96.050003,123.599998,55.459998999999996
2016-08-22,773.27002,108.860001,757.5,224.169998,95.66999799999999,123.33000200000001,54.98
2016-08-23,775.47998,108.589996,763.3099980000001,224.32000699999998,95.68,124.510002,56.169998
2016-08-24,770.580017,108.57,763.0,227.05000299999998,96.129997,124.470001,57.0
2016-08-25,767.0,107.389999,756.0,223.11000099999998,96.379997,123.120003,57.040001000000004
2016-08-26,769.0,107.410004,760.049988,222.13999900000002,97.33000200000001,124.050003,57.48
2016-08-29,768.73999,106.620003,768.719971,220.149994,96.970001,124.349998,57.220001
2016-08-30,769.330017,105.800003,771.049988,216.11000099999998,97.839996,126.599998,56.66
2016-08-31,767.01001,105.660004,766.599976,210.42999300000002,97.480003,125.599998,56.310001
2016-09-01,769.25,106.139999,770.900024,209.009995,97.809998,126.379997,56.299999
2016-09-02,773.01001,107.699997,774.1099849999999,202.330002,97.900002,126.849998,56.52
2016-09-06,773.450012,107.900002,774.039978,199.020004,97.760002,126.66999799999999,56.18
2016-09-07,780.0,107.83000200000001,789.530029,205.5,100.110001,130.03999299999998,56.189999
2016-09-08,778.590027,107.25,783.8900150000001,199.550003,99.230003,130.919998,56.099998
2016-09-09,770.099976,104.639999,779.3599849999999,199.08999599999999,99.059998,129.71000700000002,55.139998999999996
2016-09-12,755.130005,102.650002,757.349976,195.0,95.910004,125.959999,53.919998
2016-09-13,764.47998,107.510002,768.77002,197.059998,97.16999799999999,128.029999,54.389998999999996
2016-09-14,759.6099849999999,108.730003,762.200012,195.75,97.349998,126.889999,54.259997999999996
2016-09-15,762.8900150000001,113.860001,762.0,196.490005,97.230003,127.980003,53.959998999999996
2016-09-16,769.75,115.120003,773.280029,200.419998,97.099998,128.199997,53.939999
2016-09-19,772.419983,115.190002,779.969971,207.0,99.900002,129.91000400000001,53.959998999999996
2016-09-20,769.0,113.050003,776.0,206.850006,98.779999,128.649994,53.400002
2016-09-21,772.659973,113.849998,783.25,206.369995,96.900002,129.130005,53.43
2016-09-22,780.0,114.349998,794.27002,206.399994,95.540001,130.5,54.200001
2016-09-23,786.590027,114.41999799999999,803.130005,205.990005,95.75,127.559998,54.0
2016-09-26,782.73999,111.639999,801.799988,206.5,95.379997,127.370003,54.279999
2016-09-27,775.5,113.0,801.849976,209.649994,95.040001,127.610001,54.0
2016-09-28,777.849976,113.690002,818.0,207.509995,97.099998,129.21000700000002,53.880001
2016-09-29,781.4400019999999,113.160004,828.26001,205.600006,97.309998,129.179993,53.880001
2016-09-30,776.330017,112.459999,832.6099849999999,202.21000700000002,96.900002,128.029999,53.650002
2016-10-03,774.25,112.709999,836.0,212.30000299999998,98.0,128.380005,54.099998
2016-10-04,776.030029,113.059998,840.909973,213.100006,103.190002,129.169998,54.130001
2016-10-05,779.3099980000001,113.400002,838.0,212.24000499999997,103.5,128.25,53.5
2016-10-06,779.0,113.699997,843.7000119999999,202.46000700000002,104.970001,128.429993,53.299999
2016-10-07,779.659973,114.309998,845.7899779999999,201.0,103.980003,129.03999299999998,53.369999
2016-10-10,777.710022,115.019997,843.25,201.350006,103.18,129.679993,53.529999
2016-10-11,786.659973,117.699997,841.0200199999999,201.850006,102.309998,130.229996,53.130001
2016-10-12,783.76001,117.349998,834.0,200.949997,100.879997,129.009995,53.009997999999996
2016-10-13,781.219971,116.790001,829.0,200.5,98.010002,128.21000700000002,52.880001
2016-10-14,781.650024,117.879997,835.080017,200.66000400000001,101.589996,128.490005,53.119999
2016-10-17,779.799988,117.33000200000001,821.5,197.050003,100.5,128.199997,52.939999
2016-10-18,787.849976,118.18,822.1099849999999,195.990005,116.629997,128.679993,53.240002000000004
2016-10-19,798.23999,117.25,820.400024,199.740005,118.25,128.740005,52.91
2016-10-20,803.299988,116.860001,813.98999,202.119995,121.970001,130.070007,53.360001000000004
2016-10-21,795.0,116.809998,809.3599849999999,198.600006,122.5,129.779999,53.419998
2016-10-24,804.900024,117.099998,824.950012,201.0,127.41999799999999,132.720001,53.900002
2016-10-25,816.679993,117.949997,839.2999880000001,202.899994,126.519997,133.5,54.099998
2016-10-26,806.340027,114.309998,832.76001,201.0,126.290001,131.639999,53.599998
2016-10-27,801.0,115.389999,831.23999,211.33999599999999,127.43,131.740005,53.599998
2016-10-28,808.349976,113.870003,782.0,204.0,126.08000200000001,130.5,53.650002
2016-10-31,795.469971,113.650002,781.030029,202.490005,126.849998,132.009995,53.700001
2016-11-01,782.8900150000001,113.459999,799.0,198.03999299999998,124.980003,131.41000400000001,53.139998999999996
2016-11-02,778.200012,111.400002,783.929993,190.050003,122.83000200000001,130.229996,52.34
2016-11-03,767.25,110.980003,765.049988,189.0,122.309998,122.0,52.990002000000004
2016-11-04,750.659973,108.529999,762.789978,189.0,122.0,119.589996,51.43
2016-11-07,774.5,110.08000200000001,771.6400150000001,193.58999599999999,124.260002,122.83000200000001,53.5
2016-11-08,783.400024,110.309998,784.969971,193.78999299999998,124.120003,122.029999,54.400002
2016-11-09,779.9400019999999,109.879997,764.0,186.880005,121.839996,121.5,53.200001
2016-11-10,791.169983,111.089996,778.8099980000001,191.050003,122.760002,123.93,54.639998999999996
2016-11-11,756.539978,107.120003,735.72998,184.240005,114.900002,119.529999,53.43
2016-11-14,755.599976,107.709999,745.51001,188.0,114.75,119.129997,53.93
2016-11-15,746.969971,106.57,730.0,182.779999,114.550003,116.730003,54.09
2016-11-16,755.200012,106.699997,739.880005,182.649994,112.959999,114.480003,54.330002
2016-11-17,766.919983,109.809998,749.320007,183.490005,115.129997,116.809998,55.220001
2016-11-18,771.369995,109.720001,761.0,190.649994,115.730003,118.389999,55.720001
2016-11-21,762.6099849999999,110.120003,766.0,185.03999299999998,116.199997,118.199997,55.509997999999996
2016-11-22,772.630005,111.949997,788.169983,185.83999599999999,118.32,122.400002,56.32
2016-11-23,767.72998,111.360001,781.72998,190.610001,117.760002,121.230003,56.91
2016-11-25,764.26001,111.129997,786.5,193.639999,117.639999,121.010002,57.700001
2016-11-28,760.0,111.43,776.98999,195.479996,117.050003,120.120003,57.0
2016-11-29,771.530029,110.779999,768.0,195.559998,117.300003,120.57,57.639998999999996
2016-11-30,770.070007,111.599998,762.0,191.0,119.0,120.32,58.189999
2016-12-01,757.4400019999999,110.370003,752.409973,188.25,117.519997,118.379997,57.34
2016-12-02,744.590027,109.16999799999999,743.400024,182.880005,116.75,115.110001,56.650002
2016-12-05,757.710022,110.0,745.0,182.509995,120.730003,115.949997,56.959998999999996
2016-12-06,764.72998,109.5,763.98999,185.520004,120.099998,117.690002,57.66
2016-12-07,761.0,109.260002,764.549988,186.149994,124.480003,117.0,57.540001000000004
2016-12-08,772.47998,110.860001,771.869995,192.050003,125.400002,117.980003,59.0
2016-12-09,780.0,112.309998,770.0,190.869995,123.779999,119.220001,58.919998
2016-12-12,785.039978,113.290001,766.400024,192.800003,122.839996,119.220001,58.540001000000004
2016-12-13,793.900024,113.839996,764.960022,193.179993,123.510002,117.860001,58.990002000000004
2016-12-14,797.400024,115.040001,778.25,198.740005,123.43,120.0,59.029999
2016-12-15,797.340027,115.379997,766.280029,198.41000400000001,123.440002,120.08000200000001,57.970001
2016-12-16,800.400024,116.470001,765.0,198.080002,126.389999,120.900002,58.009997999999996
2016-12-19,790.219971,115.800003,758.8900150000001,202.490005,124.300003,119.849998,57.439999
2016-12-20,796.76001,116.739998,768.650024,203.050003,125.459999,119.5,57.810001
2016-12-21,795.840027,116.800003,770.0,208.449997,125.529999,118.91999799999999,57.5
2016-12-22,792.3599849999999,116.349998,768.119995,208.220001,126.839996,118.860001,57.310001
2016-12-23,790.900024,115.589996,764.549988,208.0,125.610001,117.0,57.290001000000004
2016-12-27,790.679993,116.519997,763.400024,214.88000499999998,126.239998,116.959999,56.990002000000004
2016-12-28,793.700012,117.519997,776.25,221.52999900000003,129.070007,118.190002,56.799999
2016-12-29,783.330017,116.449997,772.400024,218.559998,125.949997,117.0,56.349998
2016-12-30,782.75,116.650002,766.469971,216.30000299999998,126.239998,116.599998,56.279999
2017-01-03,778.8099980000001,115.800003,757.919983,214.86000099999998,124.959999,116.029999,55.91
2017-01-04,788.3599849999999,115.849998,758.3900150000001,214.75,127.489998,117.550003,55.560001
2017-01-05,786.080017,115.91999799999999,761.549988,226.419998,129.220001,118.860001,56.080002
2017-01-06,795.26001,116.779999,782.3599849999999,226.92999300000002,132.080002,120.980003,56.630001
2017-01-09,806.400024,117.949997,798.0,228.97000099999997,131.479996,123.550003,57.259997999999996
2017-01-10,807.8599849999999,118.769997,796.599976,232.0,131.270004,124.82,58.220001
2017-01-11,805.0,118.739998,793.659973,229.07000699999998,130.91000400000001,124.349998,57.799999
2017-01-12,807.1400150000001,118.900002,800.3099980000001,229.059998,130.630005,125.610001,58.0
2017-01-13,807.47998,119.110001,814.320007,230.0,131.149994,127.489998,58.029999
2017-01-17,807.080017,118.339996,815.700012,236.69999700000002,135.03999299999998,128.03999299999998,57.619999
2017-01-18,805.8099980000001,120.0,809.5,236.649994,133.21000700000002,128.41000400000001,58.32
2017-01-19,805.119995,119.400002,810.0,247.25,142.009995,128.229996,58.310001
2017-01-20,806.909973,120.449997,815.280029,245.460007,139.360001,128.100006,58.139998999999996
2017-01-23,807.25,120.0,806.799988,245.850006,138.649994,127.309998,57.419998
2017-01-24,822.299988,119.550003,822.0,250.0,138.110001,129.380005,57.93
2017-01-25,829.619995,120.41999799999999,825.789978,257.309998,140.800003,130.0,58.669998
2017-01-26,837.8099980000001,121.66999799999999,835.530029,254.289993,140.449997,131.630005,58.700001
2017-01-27,834.710022,122.139999,839.0,251.38000499999998,139.46000700000002,132.679993,55.75
2017-01-30,814.659973,120.93,833.0,252.52999900000003,141.770004,131.580002,56.0
2017-01-31,796.8599849999999,121.150002,823.75,249.24000499999997,140.550003,130.169998,55.799999
2017-02-01,799.679993,127.029999,829.210022,253.05000299999998,141.199997,132.25,55.490002000000004
2017-02-02,793.799988,127.980003,836.590027,248.33999599999999,140.610001,133.220001,54.040001000000004
2017-02-03,802.98999,128.309998,806.719971,251.91000400000001,139.509995,131.240005,54.209998999999996
2017-02-06,799.700012,129.130005,809.799988,251.0,140.0,130.979996,55.009997999999996
2017-02-07,803.98999,130.53999299999998,809.3099980000001,258.190002,141.490005,132.240005,55.790001000000004
2017-02-08,807.0,131.350006,812.6900019999999,257.350006,143.570007,132.600006,55.189999
2017-02-09,809.51001,131.649994,821.599976,266.25,144.979996,134.490005,55.23
2017-02-10,811.700012,132.46000700000002,823.820007,269.790009,144.679993,134.100006,55.73
2017-02-13,816.0,133.080002,831.619995,270.73999,145.190002,134.699997,56.5
2017-02-14,819.0,133.470001,837.0,279.02999900000003,143.199997,134.100006,56.02
2017-02-15,819.3599849999999,135.520004,834.0,280.0,140.720001,133.449997,56.560001
2017-02-16,819.929993,135.669998,841.840027,277.600006,142.419998,133.070007,56.959998999999996
2017-02-17,823.02002,135.100006,842.0,265.799988,141.75,133.5,56.799999
2017-02-21,828.659973,136.229996,848.840027,275.450012,142.990005,133.5,57.41
2017-02-22,828.659973,136.429993,856.9500119999999,280.309998,142.919998,133.600006,57.52
2017-02-23,830.119995,137.380005,857.570007,264.0,144.449997,135.889999,57.599998
2017-02-24,827.72998,135.91000400000001,844.6900019999999,252.66000400000001,141.880005,134.16000400000001,57.610001000000004
2017-02-27,824.549988,137.139999,842.3800050000001,248.169998,143.119995,135.259995,57.240002000000004
2017-02-28,825.6099849999999,137.080002,851.4500119999999,244.190002,143.300003,136.78999299999998,56.709998999999996
2017-03-01,828.849976,137.889999,853.0499880000001,254.17999300000002,142.83999599999999,136.470001,57.27
2017-03-02,833.849976,140.0,853.080017,249.710007,142.149994,137.08999599999999,57.07
2017-03-03,830.5599980000001,138.779999,847.2000119999999,250.74000499999997,139.690002,136.630005,56.700001
2017-03-06,826.950012,139.369995,845.2299800000001,247.91000400000001,141.0,136.880005,56.779999
2017-03-07,827.400024,139.059998,845.4799800000001,251.919998,141.990005,137.029999,56.580002
2017-03-08,833.51001,138.949997,848.0,247.0,141.470001,137.149994,56.150002
2017-03-09,836.0,138.740005,851.0,247.63000499999998,140.03999299999998,137.720001,55.75
2017-03-10,843.2800289999999,139.25,857.0,246.210007,141.389999,138.91000400000001,55.389998999999996
2017-03-13,844.0,138.850006,851.7700199999999,244.82000699999998,140.899994,138.71000700000002,54.57
2017-03-14,843.6400150000001,139.300003,853.5499880000001,246.11000099999998,142.949997,139.46000700000002,54.619999
2017-03-15,847.590027,139.41000400000001,854.330017,257.0,144.199997,139.28999299999998,54.389998999999996
2017-03-16,849.0300289999999,140.720001,855.2999880000001,262.399994,145.5,140.199997,54.849998
2017-03-17,851.6099849999999,141.0,853.48999,264.0,144.050003,140.33999599999999,55.040001000000004
2017-03-20,850.01001,140.399994,851.51001,260.600006,145.449997,139.71000700000002,55.869999
2017-03-21,851.400024,142.110001,858.840027,262.829987,146.75,141.149994,56.049999
2017-03-22,831.909973,139.850006,840.429993,251.559998,142.53999299999998,137.929993,55.68
2017-03-23,821.0,141.259995,848.2000119999999,255.38999900000002,142.139999,139.479996,56.150002
2017-03-24,820.080017,141.5,851.679993,255.69999700000002,142.360001,140.080002,56.110001000000004
2017-03-27,806.950012,139.389999,838.070007,260.600006,140.830002,139.050003,56.66
2017-03-28,820.409973,140.91000400000001,851.75,277.019989,144.100006,140.360001,57.099998
2017-03-29,825.0,143.679993,859.0499880000001,278.339996,145.5,141.990005,57.169998
2017-03-30,833.5,144.190002,874.9500119999999,278.040009,146.809998,142.399994,57.450001
2017-03-31,828.969971,143.720001,877.0,278.730011,148.0,142.309998,58.110001000000004
2017-04-03,829.219971,143.71000700000002,888.0,286.899994,146.699997,141.929993,58.279999
2017-04-04,831.3599849999999,143.25,891.5,296.890015,146.83999599999999,141.860001,58.369999
2017-04-05,835.51001,144.220001,910.820007,302.040009,146.190002,142.259995,57.959998999999996
2017-04-06,832.400024,144.28999299999998,913.7999880000001,296.880005,144.0,142.110001,58.130001
2017-04-07,827.960022,143.729996,899.650024,297.5,143.78999299999998,141.199997,57.799999
2017-04-10,825.3900150000001,143.600006,899.6300050000001,309.149994,143.03999299999998,141.0,58.0
2017-04-11,824.710022,142.940002,907.0399779999999,313.380005,144.279999,140.800003,57.740002000000004
2017-04-12,821.929993,141.600006,903.090027,306.339996,144.850006,139.720001,57.880001
2017-04-13,822.1400150000001,141.91000400000001,891.4500119999999,296.700012,144.25,139.619995,57.610001000000004
2017-04-17,825.01001,141.479996,887.5,302.700012,144.429993,139.759995,57.68
2017-04-18,834.219971,141.41000400000001,900.98999,299.700012,147.33999599999999,141.270004,57.59
2017-04-19,839.7899779999999,141.880005,907.840027,302.459991,143.369995,141.350006,58.599998
2017-04-20,841.4400019999999,141.220001,899.7000119999999,306.51001,140.300003,142.949997,59.709998999999996
2017-04-21,842.8800050000001,142.440002,902.669983,302.0,141.389999,143.899994,60.200001
2017-04-24,851.2000119999999,143.5,908.679993,309.22000099999997,143.610001,144.96000700000002,61.0
2017-04-25,865.0,143.91000400000001,907.0399779999999,308.0,147.46000700000002,145.78999299999998,60.650002
2017-04-26,874.2299800000001,144.470001,910.2999880000001,312.369995,151.529999,147.08999599999999,61.23
2017-04-27,873.599976,143.919998,914.3900150000001,311.690002,150.600006,146.669998,61.630001
2017-04-28,910.659973,144.08999599999999,948.830017,309.829987,152.71000700000002,149.5,59.41
2017-05-01,901.9400019999999,145.100006,927.7999880000001,314.880005,151.91000400000001,151.740005,60.0
2017-05-02,909.6199949999999,147.53999299999998,946.650024,324.0,155.759995,153.33999599999999,60.150002
2017-05-03,914.8599849999999,145.58999599999999,946.0,317.670013,156.28999299999998,153.600006,60.52
2017-05-04,926.070007,146.520004,944.75,307.440002,155.58999599999999,150.169998,60.650002
2017-05-05,933.5399779999999,146.759995,940.5200199999999,298.0,158.550003,151.449997,60.950001
2017-05-08,926.1199949999999,149.029999,940.9500119999999,310.899994,156.550003,150.71000700000002,61.07
2017-05-09,936.9500119999999,153.869995,952.7999880000001,309.380005,156.100006,151.490005,60.580002
2017-05-10,931.9799800000001,153.630005,953.5,321.559998,157.820007,150.229996,60.880001
2017-05-11,925.320007,152.449997,945.1099849999999,323.399994,160.330002,150.309998,60.450001
2017-05-12,931.5300289999999,154.699997,954.5,325.480011,159.110001,150.399994,60.279999
2017-05-15,932.9500119999999,156.009995,958.7299800000001,318.380005,160.25,150.169998,60.419998
2017-05-16,940.0,155.940002,961.0,317.589996,160.5,150.110001,60.68
2017-05-17,935.669983,153.600006,954.7000119999999,314.390015,158.08999599999999,148.0,59.970001
2017-05-18,921.0,151.270004,944.7999880000001,307.0,153.610001,144.720001,59.73
2017-05-19,931.4699710000001,153.380005,962.840027,315.5,156.149994,148.449997,59.939999
2017-05-22,935.0,154.0,964.0,312.799988,157.860001,148.080002,61.029999
2017-05-23,947.919983,154.899994,975.0200199999999,310.459991,157.75,148.520004,61.400002
2017-05-24,952.9799800000001,153.83999599999999,976.0,306.51001,158.350006,148.509995,61.400002
2017-05-25,957.330017,153.729996,984.849976,311.019989,161.0,150.300003,62.009997999999996
2017-05-26,969.7000119999999,154.0,995.0,317.27999900000003,162.83999599999999,152.229996,63.009997999999996
2017-05-30,970.3099980000001,153.419998,996.51001,326.0,163.600006,151.970001,63.07
2017-05-31,975.0200199999999,153.970001,1000.0,337.690002,163.610001,152.699997,63.27
2017-06-01,968.9500119999999,153.169998,998.590027,344.0,163.520004,151.75,63.509997999999996
2017-06-02,969.4600220000001,153.580002,998.98999,339.769989,163.419998,151.850006,63.880001
2017-06-05,976.5499880000001,154.33999599999999,1007.2299800000001,338.5,165.490005,153.639999,64.849998
2017-06-06,983.159973,153.899994,1012.0,344.700012,164.949997,153.41000400000001,64.220001
2017-06-07,980.0,155.020004,1005.9500119999999,356.339996,165.600006,153.270004,64.129997
2017-06-08,982.349976,155.25,1012.0599980000001,363.75,166.119995,154.080002,63.439999
2017-06-09,984.5,155.190002,1012.5,374.420013,166.270004,154.770004,62.369999
2017-06-12,939.5599980000001,145.740005,967.0,357.98999,155.300003,148.169998,61.799999
2017-06-13,951.909973,147.16000400000001,977.98999,367.619995,154.380005,150.149994,61.119999
2017-06-14,959.919983,147.5,988.590027,381.089996,154.33999599999999,151.259995,60.669998
2017-06-15,933.9699710000001,143.320007,958.7000119999999,372.5,149.440002,147.669998,59.919998
2017-06-16,940.0,143.779999,996.0,377.980011,151.449997,149.58999599999999,59.889998999999996
2017-06-19,949.9600220000001,143.66000400000001,1017.0,375.0,154.28999299999998,151.71000700000002,60.349998
2017-06-20,957.5200199999999,146.869995,998.0,376.670013,153.679993,152.880005,60.98
2017-06-21,953.6400150000001,145.520004,998.7000119999999,374.350006,152.5,152.360001,60.0
2017-06-22,958.7000119999999,145.770004,1002.2299800000001,377.98999,155.130005,153.009995,60.09
2017-06-23,956.830017,145.130005,1002.5399779999999,382.450012,155.009995,152.720001,59.759997999999996
2017-06-26,969.900024,147.169998,1008.5,386.690002,158.779999,156.25,60.02
2017-06-27,942.4600220000001,145.009995,990.6900019999999,376.399994,156.619995,152.83999599999999,59.540001000000004
2017-06-28,929.0,144.490005,978.5499880000001,366.679993,151.639999,150.919998,59.060001
2017-06-29,929.919983,144.71000700000002,979.0,370.609985,152.820007,152.279999,59.169998
2017-06-30,926.0499880000001,144.449997,980.1199949999999,363.709991,149.759995,151.899994,58.68
2017-07-03,912.179993,144.880005,972.7899779999999,370.23999,149.800003,151.720001,58.900002
2017-07-05,901.76001,143.690002,961.5300289999999,347.200012,146.580002,149.0,58.43
2017-07-06,904.1199949999999,143.020004,964.659973,317.26001,146.130005,149.029999,57.799999
2017-07-07,908.849976,142.899994,969.5499880000001,313.5,146.649994,149.25,57.790001000000004
2017-07-10,921.7700199999999,144.110001,985.0,312.899994,150.33999599999999,151.690002,58.18
2017-07-11,929.5399779999999,144.729996,993.0,316.0,152.369995,153.369995,57.91
2017-07-12,938.679993,145.869995,1000.650024,330.399994,155.770004,156.490005,58.209998999999996
2017-07-13,946.2899779999999,145.5,1004.6199949999999,330.109985,158.509995,158.740005,58.799999
2017-07-14,952.0,147.970001,1002.400024,323.190002,159.300003,160.130005,58.400002
2017-07-17,957.0,148.820007,1004.6900019999999,325.540009,162.91000400000001,160.25,58.73
2017-07-18,953.0,149.199997,1006.0,317.5,176.119995,159.66000400000001,58.119999
2017-07-19,967.840027,150.479996,1025.0,328.230011,182.970001,163.58999599999999,58.150002
2017-07-20,975.0,151.5,1031.589966,326.899994,183.83999599999999,164.800003,58.41
2017-07-21,962.25,149.990005,1021.2800289999999,329.459991,182.720001,164.16000400000001,57.919998
2017-07-24,972.2199710000001,150.580002,1028.339966,330.23999,188.690002,164.639999,58.0
2017-07-25,953.8099980000001,151.800003,1038.050049,345.0,187.78999299999998,165.009995,58.220001
2017-07-26,954.679993,153.350006,1043.199951,340.359985,187.699997,166.009995,58.799999
2017-07-27,951.7800289999999,153.75,1069.550049,346.0,189.889999,174.699997,58.25
2017-07-28,929.400024,149.889999,1012.1400150000001,336.890015,182.0,169.070007,55.23
2017-07-31,941.8900150000001,149.899994,1019.0499880000001,335.5,184.259995,172.0,54.48
2017-08-01,932.3800050000001,149.100006,996.1099849999999,323.0,182.490005,169.820007,54.57
2017-08-02,928.6099849999999,159.279999,1001.7700199999999,318.940002,182.220001,170.300003,54.75
2017-08-03,930.340027,157.050003,999.4699710000001,345.329987,180.529999,169.300003,55.639998999999996
2017-08-04,926.75,156.070007,989.679993,347.0,179.600006,168.970001,55.970001
2017-08-07,929.0599980000001,157.059998,990.650024,357.350006,181.0,169.949997,55.599998
2017-08-08,927.090027,158.600006,994.349976,357.52999900000003,181.369995,171.880005,55.549999
2017-08-09,920.6099849999999,159.259995,982.599976,361.0,171.429993,169.979996,54.43
2017-08-10,917.5499880000001,159.899994,976.2999880000001,361.600006,174.029999,170.059998,53.52
2017-08-11,907.9699710000001,156.600006,960.0,356.97000099999997,169.860001,167.949997,53.049999
2017-08-14,922.5300289999999,159.320007,978.409973,364.630005,169.800003,170.08999599999999,53.599998
2017-08-15,924.2299800000001,160.66000400000001,988.900024,365.200012,171.529999,171.490005,53.41
2017-08-16,925.2899779999999,161.940002,981.650024,363.0,167.5,171.25,53.259997999999996
2017-08-17,925.7800289999999,160.520004,977.840027,361.209991,169.229996,169.33999599999999,53.32
2017-08-18,910.3099980000001,157.860001,961.400024,352.910004,165.949997,166.83999599999999,52.919998
2017-08-21,910.0,157.5,957.570007,345.820007,166.91000400000001,167.16000400000001,53.139998999999996
2017-08-22,912.7199710000001,158.229996,955.5200199999999,341.130005,167.759995,168.279999,53.490002000000004
2017-08-23,921.929993,159.070007,959.3800050000001,338.98999,168.350006,168.83999599999999,53.959998999999996
2017-08-24,928.659973,160.429993,957.419983,352.519989,169.860001,168.880005,54.259997999999996
2017-08-25,923.48999,159.649994,956.0,354.23999,168.580002,167.860001,54.619999
2017-08-28,916.0,160.139999,946.5399779999999,347.27999900000003,166.429993,166.91000400000001,54.540001000000004
2017-08-29,905.099976,160.100006,940.0,339.480011,165.0,165.25,54.040001000000004
2017-08-30,920.0499880000001,163.800003,958.4400019999999,349.670013,169.5,168.169998,54.040001000000004
2017-08-31,931.76001,163.639999,974.7000119999999,353.549988,175.449997,170.399994,54.68
2017-09-01,941.1300050000001,164.800003,984.2000119999999,356.119995,175.550003,172.399994,54.900002
2017-09-05,933.080017,163.75,975.400024,353.799988,173.399994,171.270004,54.950001
2017-09-06,930.150024,162.71000700000002,968.320007,349.5,175.25,170.91000400000001,55.119999
2017-09-07,931.7299800000001,162.08999599999999,974.0,345.980011,178.800003,171.940002,54.419998
2017-09-08,936.48999,160.860001,979.099976,348.98999,178.449997,173.08999599999999,53.389998999999996
2017-09-11,934.25,160.5,974.4600220000001,351.350006,178.100006,172.399994,53.790001000000004
2017-09-12,932.590027,162.610001,983.2700199999999,364.48999,182.550003,173.759995,53.98
2017-09-13,930.659973,159.869995,983.9699710000001,363.820007,184.070007,173.009995,53.549999
2017-09-14,931.25,158.990005,996.7999880000001,364.329987,183.25,172.259995,54.380001
2017-09-15,924.659973,158.470001,993.01001,374.51001,182.729996,170.880005,54.439999
2017-09-18,920.01001,160.110001,990.400024,380.25,183.610001,171.990005,54.799999
2017-09-19,917.419983,159.509995,977.25,380.0,184.979996,170.619995,54.84
2017-09-20,922.9799800000001,157.899994,971.7899779999999,373.0,186.100006,172.5,54.580002
2017-09-21,933.0,155.800003,971.3099980000001,374.899994,185.820007,171.690002,55.049999
2017-09-22,927.75,151.53999299999998,961.01001,366.48999,188.399994,170.21000700000002,55.049999
2017-09-25,925.4500119999999,149.990005,949.3099980000001,353.149994,186.46000700000002,169.240005,54.98
2017-09-26,923.7199710000001,151.779999,945.48999,350.929993,180.699997,164.5,55.060001
2017-09-27,927.73999,153.800003,948.0,349.899994,181.009995,165.899994,55.25
2017-09-28,941.3599849999999,153.889999,951.8599849999999,339.880005,181.25,167.940002,54.810001
2017-09-29,952.0,153.21000700000002,960.1099849999999,341.859985,180.729996,168.830002,54.310001
2017-10-02,959.9799800000001,154.259995,964.0,342.519989,182.110001,171.389999,53.860001000000004
2017-10-03,954.0,154.009995,958.0,335.899994,177.649994,169.300003,54.0
2017-10-04,957.0,153.630005,954.2100220000001,351.25,181.41000400000001,169.830002,54.119999
2017-10-05,955.48999,154.179993,970.0,356.0,185.649994,169.179993,54.060001
2017-10-06,966.7000119999999,154.970001,975.6400150000001,353.100006,194.300003,170.25,54.509997999999996
2017-10-09,980.0,155.809998,993.23999,349.649994,199.100006,172.699997,55.369999
2017-10-10,980.0,156.059998,996.669983,346.799988,197.850006,173.0,55.099998
2017-10-11,973.7199710000001,155.970001,991.2700199999999,353.890015,195.570007,171.949997,55.459998999999996
2017-10-12,987.4500119999999,156.350006,996.8099980000001,352.950012,196.75,172.610001,55.669998
2017-10-13,992.0,156.729996,1007.0,356.980011,199.699997,173.449997,56.0
2017-10-16,992.099976,157.899994,1008.4400019999999,353.76001,201.949997,174.490005,55.669998
2017-10-17,990.2899779999999,159.779999,1005.590027,350.910004,200.110001,174.71000700000002,54.860001000000004
2017-10-18,991.7700199999999,160.419998,1009.2700199999999,355.97000099999997,199.990005,176.649994,54.459998999999996
2017-10-19,986.0,156.75,990.0,355.559998,193.009995,174.929993,55.080002
2017-10-20,989.4400019999999,156.610001,993.5300289999999,352.690002,195.899994,175.5,55.310001
2017-10-23,989.5200199999999,156.889999,986.7299800000001,349.880005,194.169998,175.199997,54.77
2017-10-24,970.0,156.28999299999998,969.0,338.799988,192.75,172.300003,54.369999
2017-10-25,968.3699949999999,156.91000400000001,978.0,336.700012,195.380005,171.899994,54.240002000000004
2017-10-26,980.0,157.229996,980.330017,327.77999900000003,194.66000400000001,171.380005,54.5
2017-10-27,1009.1900019999999,159.28999299999998,1058.140015,319.75,197.199997,174.149994,54.830002
2017-10-30,1014.0,163.889999,1095.01001,319.179993,199.619995,179.259995,54.790001000000004
2017-10-31,1015.2199710000001,167.899994,1109.0,320.230011,198.21000700000002,180.570007,55.16
2017-11-01,1017.2100220000001,169.869995,1105.400024,332.25,197.240005,182.360001,55.099998
2017-11-02,1021.76001,166.600006,1097.810059,300.130005,197.449997,180.630005,55.150002
2017-11-03,1022.1099849999999,174.0,1091.150024,299.5,199.800003,179.28999299999998,54.16
2017-11-06,1028.98999,172.369995,1109.150024,307.0,200.0,178.559998,55.990002000000004
2017-11-07,1027.27002,173.91000400000001,1124.73999,301.019989,200.0,180.5,56.330002
2017-11-08,1030.52002,174.66000400000001,1122.819946,305.5,196.0,179.78999299999998,57.029999
2017-11-09,1033.98999,175.110001,1125.959961,302.5,194.46000700000002,178.309998,57.200001
2017-11-10,1026.459961,175.110001,1126.099976,302.5,191.610001,178.350006,57.360001000000004
2017-11-13,1023.419983,173.5,1123.0,300.130005,191.119995,177.5,56.810001
2017-11-14,1022.590027,173.03999299999998,1130.109985,315.0,193.639999,178.130005,56.470001
2017-11-15,1019.2100220000001,169.970001,1127.01001,306.01001,194.53999299999998,176.66000400000001,56.82
2017-11-16,1022.5200199999999,171.179993,1130.160034,313.98999,194.330002,178.759995,56.919998
2017-11-17,1034.01001,171.03999299999998,1138.280029,325.670013,195.740005,179.300003,57.240002000000004
2017-11-20,1020.26001,170.28999299999998,1129.77002,313.790009,193.300003,178.869995,56.669998
2017-11-21,1023.3099980000001,170.779999,1132.859985,310.859985,195.03999299999998,179.149994,56.959998999999996
2017-11-22,1035.0,173.360001,1141.0,316.769989,196.580002,181.300003,57.07
2017-11-24,1035.869995,175.100006,1160.699951,313.790009,196.649994,180.399994,57.189999
2017-11-27,1040.0,175.050003,1202.660034,313.25,195.559998,182.559998,56.830002
2017-11-28,1055.089966,174.300003,1204.880005,316.359985,195.33999599999999,183.509995,56.029999
2017-11-29,1042.680054,172.630005,1194.800049,317.299988,198.91000400000001,181.889999,56.709998999999996
2017-11-30,1022.3699949999999,170.429993,1167.099976,308.559998,190.309998,176.850006,57.639998999999996
2017-12-01,1015.7999880000001,169.949997,1172.050049,305.440002,186.990005,176.029999,57.5
2017-12-04,1012.659973,172.479996,1173.849976,306.5,189.360001,176.28999299999998,57.540001000000004
2017-12-05,995.9400019999999,169.059998,1128.26001,302.0,183.5,170.449997,59.25
2017-12-06,1001.5,167.5,1137.98999,300.100006,183.380005,172.5,59.380001
2017-12-07,1020.429993,169.029999,1156.589966,312.0,185.71000700000002,175.800003,59.119999
2017-12-08,1037.48999,170.490005,1170.400024,314.600006,186.5,181.529999,58.52
2017-12-11,1035.5,169.199997,1164.599976,314.630005,187.850006,179.300003,58.389998999999996
2017-12-12,1039.630005,172.149994,1166.51001,330.450012,186.009995,178.600006,58.990002000000004
2017-12-13,1046.119995,172.5,1170.0,340.929993,186.100006,177.300003,59.439999
2017-12-14,1045.0,172.399994,1163.709961,341.01001,187.979996,178.28999299999998,59.73
2017-12-15,1054.609985,173.630005,1179.030029,342.040009,189.610001,179.020004,59.25
2017-12-18,1066.079956,174.880005,1187.369995,344.899994,191.199997,181.009995,58.439999
2017-12-19,1075.199951,175.029999,1189.150024,340.26001,190.179993,179.949997,58.130001
2017-12-20,1071.780029,174.869995,1190.5,332.690002,187.940002,179.809998,58.220001
2017-12-21,1064.949951,174.169998,1175.900024,329.589996,189.440002,177.940002,57.939999
2017-12-22,1061.109985,174.679993,1172.079956,329.51001,188.330002,177.139999,57.57
2017-12-26,1058.069946,170.800003,1168.359985,323.829987,189.779999,176.630005,57.27
2017-12-27,1057.390015,170.100006,1179.910034,316.0,187.800003,176.550003,57.189999
2017-12-28,1051.599976,171.0,1189.0,311.75,187.179993,177.949997,57.470001
2017-12-29,1046.719971,170.520004,1182.349976,316.179993,192.509995,178.0,57.740002000000004
2018-01-02,1048.339966,170.16000400000001,1172.0,312.0,196.100006,177.679993,57.950001
2018-01-03,1064.310059,172.529999,1188.300049,321.0,202.050003,181.880005,57.93
2018-01-04,1088.0,172.53999299999998,1205.0,312.869995,206.199997,184.899994,58.990002000000004
2018-01-05,1094.0,173.440002,1217.51001,316.619995,207.25,185.58999599999999,59.25
2018-01-08,1102.22998,174.350006,1236.0,316.0,210.020004,187.199997,59.48
2018-01-09,1109.400024,174.550003,1256.900024,335.160004,212.11000099999998,188.699997,59.200001
2018-01-10,1097.099976,173.16000400000001,1245.150024,332.200012,207.570007,186.940002,60.0
2018-01-11,1106.300049,174.58999599999999,1259.73999,335.23999,214.289993,188.399994,59.52
2018-01-12,1102.410034,176.179993,1273.390015,338.630005,217.17999300000002,178.059998,60.400002
2018-01-16,1132.51001,177.899994,1323.0,337.540009,224.24000499999997,181.5,60.330002
2018-01-17,1126.219971,176.149994,1312.23999,340.47000099999997,221.0,179.259995,61.0
2018-01-18,1131.410034,179.369995,1293.949951,345.670013,220.33999599999999,178.130005,61.43
2018-01-19,1131.829956,178.610001,1312.0,345.0,222.75,180.850006,61.209998999999996
2018-01-22,1137.48999,177.300003,1297.170044,349.399994,222.0,180.800003,61.040001000000004
2018-01-23,1159.849976,177.300003,1338.089966,360.0,255.05000299999998,186.050003,61.32
2018-01-24,1177.329956,177.25,1374.819946,354.579987,250.88000499999998,189.889999,61.509997999999996
2018-01-25,1172.530029,174.509995,1368.0,348.269989,263.0,187.949997,61.029999
2018-01-26,1175.079956,172.0,1392.01001,341.5,271.48999,187.75,57.939999
2018-01-29,1176.47998,170.16000400000001,1409.180054,339.850006,274.200012,188.75,57.549999
2018-01-30,1167.829956,165.529999,1403.170044,345.140015,277.0,187.619995,56.959998999999996
2018-01-31,1170.569946,166.869995,1451.300049,347.51001,281.940002,188.369995,57.23
2018-02-01,1162.609985,167.169998,1445.0,351.0,266.410004,188.220001,56.279999
2018-02-02,1122.0,166.0,1477.390015,348.440002,263.0,192.03999299999998,55.900002
2018-02-05,1090.599976,159.100006,1402.619995,337.97000099999997,262.0,186.929993,55.529999
2018-02-06,1027.180054,154.830002,1361.459961,325.209991,247.69999700000002,178.570007,53.689999
2018-02-07,1081.540039,163.08999599999999,1449.0,338.98999,266.579987,184.149994,55.080002
2018-02-08,1055.410034,160.28999299999998,1429.680054,343.309998,267.079987,181.009995,54.5
2018-02-09,1017.25,157.070007,1373.48999,319.929993,253.850006,174.759995,54.200001
2018-02-12,1048.0,158.5,1364.670044,316.130005,252.13999900000002,177.059998,54.860001000000004
2018-02-13,1045.0,161.949997,1385.930054,315.019989,257.290009,175.619995,55.25
2018-02-14,1048.949951,163.03999299999998,1406.25,320.839996,260.47000099999997,173.449997,55.470001
2018-02-15,1079.069946,169.78999299999998,1466.890015,324.5,270.02999900000003,180.5,56.360001000000004
2018-02-16,1088.410034,172.360001,1457.369995,332.5,278.730011,178.990005,56.650002
2018-02-20,1090.569946,172.050003,1446.48999,334.47000099999997,277.73999,175.770004,56.290001000000004
2018-02-21,1106.469971,172.830002,1485.0,336.02999900000003,282.070007,176.71000700000002,55.93
2018-02-22,1116.189941,171.800003,1495.359985,335.52999900000003,283.880005,178.699997,55.950001
2018-02-23,1112.640015,173.669998,1495.339966,347.829987,281.0,179.899994,55.650002
2018-02-26,1127.800049,176.350006,1509.199951,353.5,288.75,184.580002,56.419998
2018-02-27,1141.23999,179.100006,1524.5,356.25,294.769989,184.449997,57.290001000000004
2018-02-28,1123.030029,179.259995,1519.51001,352.570007,293.100006,182.300003,56.84
2018-03-01,1107.869995,178.53999299999998,1513.599976,345.01001,292.75,179.009995,57.0
2018-03-02,1053.079956,172.800003,1469.099976,326.980011,284.649994,173.28999299999998,55.720001
2018-03-05,1075.140015,175.21000700000002,1494.23999,332.390015,302.850006,176.199997,56.830002
2018-03-06,1099.219971,177.91000400000001,1533.199951,333.75,319.880005,181.779999,57.25
2018-03-07,1089.189941,174.940002,1526.52002,325.440002,320.0,178.740005,56.619999
2018-03-08,1115.319946,175.479996,1550.0,332.859985,322.200012,183.559998,57.290001000000004
2018-03-09,1136.0,177.96000700000002,1563.5,324.100006,321.329987,183.91000400000001,57.669998
2018-03-12,1163.849976,180.28999299999998,1592.599976,328.609985,333.559998,185.229996,58.669998
2018-03-13,1170.0,182.58999599999999,1615.959961,328.609985,323.869995,185.610001,59.700001
2018-03-14,1145.209961,180.320007,1597.0,336.76001,318.160004,182.600006,59.279999
2018-03-15,1149.959961,178.5,1595.0,329.380005,323.170013,183.240005,58.93
2018-03-16,1154.140015,178.649994,1583.449951,322.929993,321.420013,184.490005,59.380001
2018-03-19,1120.01001,177.320007,1554.530029,316.5,315.799988,177.009995,58.700001
2018-03-20,1099.0,175.240005,1550.339966,314.869995,313.26001,167.470001,58.450001
2018-03-21,1092.73999,175.03999299999998,1586.449951,310.25,316.350006,164.800003,58.75
2018-03-22,1081.880005,170.0,1565.469971,313.890015,313.070007,166.130005,58.029999
2018-03-23,1047.030029,168.389999,1539.01001,311.25,307.410004,165.440002,57.779999
2018-03-26,1046.0,168.070007,1530.0,307.339996,309.359985,160.820007,56.959998999999996
2018-03-27,1063.0,173.679993,1572.400024,304.0,322.48999,156.309998,58.099998
2018-03-28,998.0,167.25,1447.0,264.579987,298.390015,151.649994,57.5
2018-03-29,1011.6300050000001,167.809998,1406.0,256.48999,287.0,155.149994,57.259997999999996
2018-04-02,1022.820007,166.639999,1417.619995,256.26001,291.940002,157.809998,57.52
2018-04-03,1013.909973,167.639999,1391.380005,269.820007,285.450012,156.550003,56.549999
2018-04-04,993.409973,164.880005,1358.23999,252.77999900000003,273.630005,152.029999,57.25
2018-04-05,1041.329956,172.580002,1441.98999,289.339996,293.149994,161.559998,59.0
2018-04-06,1020.0,170.970001,1429.969971,301.0,289.100006,157.729996,58.779999
2018-04-09,1016.7999880000001,169.880005,1425.030029,300.369995,291.769989,157.820007,58.540001000000004
2018-04-10,1026.439941,173.0,1431.98999,298.97000099999997,297.679993,157.929993,59.110001000000004
2018-04-11,1027.98999,172.229996,1439.439941,300.73999,302.880005,165.360001,59.189999
2018-04-12,1025.040039,173.41000400000001,1439.5,302.320007,309.72000099999997,166.979996,59.66
2018-04-13,1040.880005,174.779999,1449.140015,303.600006,317.290009,164.580002,59.0
2018-04-16,1037.0,175.029999,1445.0,299.0,315.98999,165.720001,59.130001
2018-04-17,1051.369995,176.490005,1462.300049,288.869995,329.660004,165.830002,59.75
2018-04-18,1077.430054,177.809998,1514.650024,291.079987,336.299988,166.880005,59.73
2018-04-19,1069.400024,173.759995,1543.219971,291.079987,332.880005,166.199997,59.419998
2018-04-20,1082.0,170.600006,1561.199951,295.170013,332.22000099999997,167.78999299999998,59.029999
2018-04-23,1077.859985,166.830002,1546.689941,291.290009,329.149994,167.270004,58.009997999999996
2018-04-24,1052.0,165.669998,1535.800049,285.0,319.22000099999997,165.429993,58.48
2018-04-25,1025.52002,162.619995,1458.0,283.5,306.369995,160.139999,58.27
2018-04-26,1029.51001,164.119995,1485.01001,278.75,310.0,173.220001,58.110001000000004
2018-04-27,1046.0,164.0,1634.01001,285.369995,316.25,176.809998,58.07
